ID,Name,Email,Phone,Address
1001,John Doe,johndoe@gmail.com,721 425 2723,"206 Broadway, New York"
1002,Robert Brown,robertbrown@yahoo.com,394.623.7894,"468 Cedar Ln, Houston"
1003,Sarah Connor,sarahconnor@gmail.com,+1 866-458-2411,"626 Pine Rd, New York"
1004,john doe,johndoe@,(471) 367-9755,"807 Oak Ave, New York"
1005,mike jones,mikejones@domain,644-844-8825,"72 Broadway, New York"
1006,Jane Smith,janesmith@gmail.com,(197) 262-8083,"261 Elm St, Houston"
1007,Robert Brown,robertbrown@domain,(240) 512-3474,"540 Cedar Ln, Los Angeles"
1008,mike jones,mikejones@gmail.com,949-766-9780,"277 Elm St, New York"
1009,ALICE SMITH,alicesmithyahoo.com,988.767.5957,"24 Cedar Ln, Chicago"
1010,mike jones,mikejones@domain,,"119 Pine Rd, Miami"
1011,mike jones,mikejones@domain,(839) 663-9895,"279 Cedar Ln, Miami"
1012,ALICE SMITH,alicesmith@domain,,"247 Broadway, Miami"
1013,Michael Wilson,michaelwilson@hotmail.com,318-553-9963,"832 Elm St, Los Angeles"
1014,John Doe,johndoe@test.co,+1 334-681-9501,"687 Elm St, Houston"
1015,Sarah Connor,sarahconnorhotmail.com,542 832 3458,"961 Elm St, Miami"
1016,Robert Brown,robertbrown@gmail.com,201.133.3727,"508 Elm St, Chicago"
1017,mike jones,mikejones@yahoo.com,+1 963-269-2676,"249 Oak Ave, Chicago"
1018,Robert Brown,robertbrown@gmail.com,126.776.1173,"516 Oak Ave, New York"
1019,michael wilson,michaelwilson@test.co,(637) 881-3807,"244 Pine Rd, New York"
1020,EMILY DAVIS,emilydavis@,,"870 Elm St, Los Angeles"
1021,Sarah Connor,sarahconnor@gmail.com,808 189 2705,"574 Broadway, New York"
1022,Jane Smith,janesmith@gmail.com,904 732 3928,"410 Broadway, Miami"
1023,alice smith,alicesmith@gmail.com,(660) 353-4907,"853 Elm St, New York"
1024,ALICE SMITH,alicesmith@gmail.com,(364) 235-6967,"408 Main St, Miami"
1025,ALICE SMITH,alicesmith@test.co,(303) 271-1461,"361 Elm St, Miami"
1026,Michael Wilson,michaelwilson@,519.193.6532,"832 Oak Ave, Los Angeles"
1027,John Doe,johndoegmail.com,427 951 1194,"520 Broadway, Houston"
1028,John Doe,johndoe@gmail.com,(444) 213-4066,"568 Elm St, Chicago"
1029,MICHAEL WILSON,michaelwilson@gmail.com,,"647 Broadway, New York"
1030,MIKE JONES,mikejones@domain,(499) 974-9820,"989 Oak Ave, Los Angeles"
1031,Robert Brown,robertbrowngmail.com,,"582 Main St, Los Angeles"
1032,ALICE SMITH,alicesmithhotmail.com,752.969.5664,"617 Elm St, Houston"
1033,Emily Davis,emilydavis@domain,+1 127-701-2031,"207 Pine Rd, Miami"
1034,Jane Smith,janesmith@yahoo.com,(765) 405-5032,"219 Cedar Ln, Los Angeles"
1035,Emily Davis,emilydavis@hotmail.com,+1 422-270-8543,"688 Main St, Los Angeles"
1036,sarah connor,sarahconnor@gmail.com,(358) 807-5537,"563 Main St, Miami"
1037,Emily Davis,emilydavis@yahoo.com,597-977-6668,"852 Elm St, Miami"
1038,Michael Wilson,michaelwilson@domain,638.506.9356,"152 Pine Rd, Houston"
1039,Jane Smith,janesmith@test.co,453-583-4871,"988 Pine Rd, Los Angeles"
1040,mike jones,mikejones@hotmail.com,+1 815-651-3124,"966 Oak Ave, Chicago"
1041,Sarah Connor,sarahconnordomain,942.142.8933,"808 Oak Ave, Houston"
1042,Sarah Connor,sarahconnor@domain,,"195 Main St, Chicago"
1043,mike jones,mikejonesdomain,776.565.2061,"852 Main St, Houston"
1044,Sarah Connor,sarahconnor@,,"766 Main St, Chicago"
1045,MICHAEL WILSON,michaelwilson@,146-508-1328,"359 Broadway, New York"
1046,mike jones,mikejones@domain,795 298 5392,"83 Broadway, Miami"
1047,Sarah Connor,sarahconnor@domain,624-450-4387,"281 Elm St, Los Angeles"
1048,EMILY DAVIS,emilydavis@domain,724.241.1984,"32 Broadway, New York"
1049,ALICE SMITH,alicesmith@test.co,+1 845-727-8626,"977 Cedar Ln, Chicago"
1027,John Doe,johndoegmail.com,427 951 1194,"520 Broadway, Houston"
1051,Emily Davis,emilydavis@test.co,+1 438-795-4840,"45 Elm St, New York"
1052,Sarah Connor,sarahconnor@yahoo.com,822-544-2762,"373 Broadway, Miami"
1053,mike jones,mikejonesgmail.com,(479) 494-9397,"842 Broadway, Miami"
1054,John Doe,johndoe@hotmail.com,+1 380-909-7985,"360 Oak Ave, Houston"
1055,michael wilson,michaelwilson@yahoo.com,323 352 5029,"556 Cedar Ln, New York"
1056,MICHAEL WILSON,michaelwilson@hotmail.com,+1 442-790-2615,"402 Main St, Chicago"
1057,ALICE SMITH,alicesmithtest.co,(968) 235-4720,"798 Pine Rd, Miami"
1058,Emily Davis,emilydavis@test.co,601-148-7638,"173 Oak Ave, Los Angeles"
1059,mike jones,mikejonesgmail.com,(490) 396-3656,"439 Elm St, Houston"
1060,Michael Wilson,michaelwilson@domain,384-383-1258,"640 Broadway, Houston"
1061,JANE SMITH,janesmith@,(615) 317-9507,"49 Main St, Houston"
1062,MICHAEL WILSON,michaelwilson@test.co,225 368 7910,"510 Cedar Ln, Los Angeles"
1063,Jane Smith,janesmith@domain,623-376-9531,"145 Broadway, Houston"
1064,Jane Smith,janesmith@gmail.com,,"132 Elm St, Los Angeles"
1065,ALICE SMITH,alicesmith@hotmail.com,524.867.9474,"690 Oak Ave, Miami"
1066,Robert Brown,robertbrown@gmail.com,+1 223-999-1737,"191 Elm St, New York"
1067,Jane Smith,janesmith@gmail.com,+1 909-906-4820,"977 Cedar Ln, Chicago"
1068,john doe,johndoe@domain,+1 915-720-3603,"534 Elm St, Houston"
1069,alice smith,alicesmith@domain,696-322-6912,"175 Broadway, Chicago"
1070,ALICE SMITH,alicesmith@yahoo.com,(493) 151-6554,"398 Elm St, Miami"
1071,mike jones,mikejones@test.co,+1 540-794-3159,"181 Oak Ave, Los Angeles"
1072,John Doe,johndoe@,(561) 597-6603,"465 Cedar Ln, Los Angeles"
1073,ALICE SMITH,alicesmith@hotmail.com,388 975 9573,"17 Broadway, Chicago"
1074,SARAH CONNOR,sarahconnor@yahoo.com,788 846 5735,"331 Oak Ave, Miami"
1075,Emily Davis,emilydavis@yahoo.com,,"897 Pine Rd, Chicago"
1076,mike jones,mikejones@yahoo.com,649-623-9935,"346 Pine Rd, Houston"
1077,Sarah Connor,sarahconnor@hotmail.com,+1 361-176-3652,"490 Broadway, Houston"
1078,EMILY DAVIS,emilydavis@gmail.com,427-185-5211,"923 Broadway, Miami"
1079,Jane Smith,janesmith@domain,388-528-6575,"631 Broadway, New York"
1080,MICHAEL WILSON,michaelwilsondomain,931-883-7847,"372 Broadway, Chicago"
1081,Robert Brown,robertbrown@,493.569.4162,"802 Pine Rd, Miami"
1082,John Doe,johndoegmail.com,614 954 6693,"258 Cedar Ln, Houston"
1083,Robert Brown,robertbrown@domain,168.790.4188,"577 Broadway, New York"
1084,John Doe,johndoe@domain,417.162.8084,"896 Pine Rd, Los Angeles"
1085,ALICE SMITH,alicesmith@domain,(776) 424-8276,"205 Oak Ave, Chicago"
1086,Emily Davis,emilydavis@yahoo.com,(438) 747-1969,"14 Pine Rd, Chicago"
1087,Michael Wilson,michaelwilson@domain,577 736 7034,"703 Oak Ave, New York"
1088,mike jones,mikejones@test.co,(275) 872-2313,"606 Elm St, Chicago"
1089,Sarah Connor,sarahconnor@domain,644-925-5078,"88 Broadway, Houston"
1090,Michael Wilson,michaelwilson@yahoo.com,807 944 5301,"839 Pine Rd, Los Angeles"
1091,sarah connor,sarahconnor@domain,+1 667-646-5431,"603 Oak Ave, New York"
1092,Michael Wilson,michaelwilson@hotmail.com,(481) 823-9427,"991 Oak Ave, Chicago"
1093,Michael Wilson,michaelwilsongmail.com,(726) 114-9783,"206 Elm St, Chicago"
1094,John Doe,johndoe@test.co,685 659 7346,"413 Elm St, Miami"
1095,ALICE SMITH,alicesmithyahoo.com,215-647-1908,"521 Elm St, Houston"
1096,John Doe,johndoe@test.co,,"104 Cedar Ln, Los Angeles"
1097,Emily Davis,emilydavisgmail.com,439-169-9379,"201 Main St, Houston"
1098,mike jones,mikejones@yahoo.com,(918) 517-2260,"750 Oak Ave, Los Angeles"
1099,alice smith,alicesmithtest.co,,"767 Oak Ave, Los Angeles"
1097,Emily Davis,emilydavisgmail.com,439-169-9379,"201 Main St, Houston"
1101,Sarah Connor,sarahconnor@gmail.com,324.377.4804,"888 Broadway, New York"
1102,michael wilson,michaelwilson@yahoo.com,414-229-7216,"977 Main St, Los Angeles"
1103,emily davis,emilydavis@domain,410 248 5751,"983 Oak Ave, Miami"
1104,Sarah Connor,sarahconnor@domain,618-694-6500,"610 Elm St, Los Angeles"
1105,Sarah Connor,sarahconnor@gmail.com,718-553-2263,"761 Elm St, Los Angeles"
1106,JOHN DOE,johndoe@yahoo.com,+1 265-177-4258,"309 Pine Rd, Chicago"
1107,Sarah Connor,sarahconnor@hotmail.com,,"422 Cedar Ln, Los Angeles"
1108,JOHN DOE,johndoe@test.co,480-767-3810,"392 Oak Ave, Chicago"
1109,Michael Wilson,michaelwilson@hotmail.com,116.567.5833,"37 Main St, Los Angeles"
1110,Robert Brown,robertbrowntest.co,,"434 Broadway, Chicago"
1111,john doe,johndoe@gmail.com,844.990.7060,"521 Oak Ave, Los Angeles"
1112,michael wilson,michaelwilson@yahoo.com,423 655 6655,"767 Broadway, Chicago"
1113,John Doe,johndoe@gmail.com,853-408-4906,"696 Pine Rd, Houston"
1114,Emily Davis,emilydavis@yahoo.com,(951) 802-8981,"837 Cedar Ln, Miami"
1115,Robert Brown,robertbrownyahoo.com,+1 273-911-8433,"425 Elm St, Los Angeles"
1116,Emily Davis,emilydavis@,842 176 2138,"98 Elm St, Miami"
1117,John Doe,johndoehotmail.com,856.101.3634,"794 Broadway, Chicago"
1118,Emily Davis,emilydavisyahoo.com,,"298 Main St, Houston"
1119,MICHAEL WILSON,michaelwilson@hotmail.com,,"927 Elm St, New York"
1120,Sarah Connor,sarahconnor@gmail.com,568-162-5000,"104 Elm St, Miami"
1121,Sarah Connor,sarahconnor@yahoo.com,911-610-3460,"422 Elm St, Chicago"
1122,Emily Davis,emilydavis@domain,363.875.6497,"350 Pine Rd, Chicago"
1123,Jane Smith,janesmith@gmail.com,149-534-6457,"732 Elm St, Chicago"
1124,mike jones,mikejones@,702-858-6687,"427 Pine Rd, Los Angeles"
1125,Michael Wilson,michaelwilson@hotmail.com,491-749-9319,"886 Cedar Ln, Miami"
1126,ALICE SMITH,alicesmith@hotmail.com,(604) 102-9437,"17 Cedar Ln, New York"
1127,ALICE SMITH,alicesmith@gmail.com,+1 122-917-7441,"691 Broadway, Chicago"
1128,John Doe,johndoetest.co,,"378 Main St, Houston"
1129,ALICE SMITH,alicesmith@domain,(567) 180-8465,"371 Elm St, Miami"
1130,jane smith,janesmithyahoo.com,602 892 4915,"891 Cedar Ln, Los Angeles"
1131,John Doe,johndoe@yahoo.com,+1 666-447-7771,"245 Elm St, Chicago"
1132,Michael Wilson,michaelwilson@gmail.com,885 259 5686,"278 Elm St, Houston"
1133,ALICE SMITH,alicesmith@,796-729-1286,"898 Broadway, Houston"
1134,Emily Davis,emilydavis@yahoo.com,(863) 700-4218,"552 Oak Ave, Miami"
1135,Jane Smith,janesmithtest.co,575-292-3551,"515 Broadway, Chicago"
1136,MICHAEL WILSON,michaelwilson@gmail.com,479-544-9233,"508 Cedar Ln, Houston"
1137,John Doe,johndoe@hotmail.com,+1 355-984-6931,"391 Oak Ave, Los Angeles"
1138,Robert Brown,robertbrown@test.co,735.298.7594,"673 Main St, Chicago"
1139,mike jones,mikejonesgmail.com,875.989.6426,"211 Oak Ave, Houston"
1140,JOHN DOE,johndoe@hotmail.com,497 858 5945,"831 Broadway, Houston"
1141,Sarah Connor,sarahconnoryahoo.com,116-459-9937,"243 Broadway, New York"
1142,Michael Wilson,michaelwilson@domain,,"943 Main St, New York"
1143,John Doe,johndoe@yahoo.com,,"829 Pine Rd, Los Angeles"
1144,michael wilson,michaelwilson@gmail.com,,"513 Main St, Los Angeles"
1145,John Doe,johndoe@domain,,"262 Oak Ave, Miami"
1146,Michael Wilson,michaelwilson@yahoo.com,+1 956-541-5876,"26 Broadway, Miami"
1147,Sarah Connor,sarahconnor@,708 303 9998,"204 Pine Rd, Chicago"
1148,mike jones,mikejones@gmail.com,,"60 Pine Rd, Miami"
1149,ROBERT BROWN,robertbrown@hotmail.com,(894) 171-8983,"206 Elm St, Houston"
1135,Jane Smith,janesmithtest.co,575-292-3551,"515 Broadway, Chicago"
1151,John Doe,johndoe@gmail.com,505.260.4243,"66 Main St, Houston"
1152,mike jones,mikejones@gmail.com,698 481 3281,"830 Main St, Los Angeles"
1153,John Doe,johndoe@yahoo.com,(248) 566-5634,"361 Broadway, Houston"
1154,John Doe,johndoe@yahoo.com,(956) 814-9837,"116 Cedar Ln, Miami"
1155,MICHAEL WILSON,michaelwilson@yahoo.com,,"195 Main St, Houston"
1156,Robert Brown,robertbrown@gmail.com,573.250.8533,"355 Pine Rd, Los Angeles"
1157,sarah connor,sarahconnor@gmail.com,(849) 455-2549,"337 Oak Ave, Los Angeles"
1158,Michael Wilson,michaelwilson@gmail.com,+1 972-392-6768,"465 Oak Ave, New York"
1159,Michael Wilson,michaelwilson@test.co,(828) 280-5880,"155 Pine Rd, Houston"
1160,Sarah Connor,sarahconnor@hotmail.com,217-936-3672,"759 Oak Ave, New York"
1161,Emily Davis,emilydavis@gmail.com,(337) 911-8578,"599 Elm St, Miami"
1162,mike jones,mikejonestest.co,167-699-2016,"899 Pine Rd, Houston"
1163,Jane Smith,janesmith@domain,(471) 264-1886,"317 Oak Ave, New York"
1164,ALICE SMITH,alicesmith@hotmail.com,(909) 220-3477,"55 Main St, Houston"
1165,Robert Brown,robertbrown@hotmail.com,+1 480-376-3896,"468 Broadway, Chicago"
1166,emily davis,emilydavis@yahoo.com,965-682-7402,"140 Cedar Ln, Miami"
1167,EMILY DAVIS,emilydavis@domain,837 205 8354,"121 Elm St, Los Angeles"
1168,JANE SMITH,janesmith@test.co,(735) 551-8816,"679 Cedar Ln, Miami"
1169,SARAH CONNOR,sarahconnor@domain,182-156-4302,"362 Main St, Miami"
1170,mike jones,mikejones@yahoo.com,(497) 370-3961,"529 Pine Rd, Miami"
1171,JOHN DOE,johndoe@domain,415-579-2061,"267 Broadway, Chicago"
1172,John Doe,johndoe@domain,798 191 9161,"690 Pine Rd, New York"
1173,Jane Smith,janesmith@test.co,,"277 Broadway, Los Angeles"
1174,mike jones,mikejones@domain,(792) 580-8474,"430 Pine Rd, New York"
1175,John Doe,johndoeyahoo.com,357.822.3376,"911 Cedar Ln, New York"
1176,Emily Davis,emilydavis@,380.630.7439,"518 Oak Ave, Houston"
1177,ALICE SMITH,alicesmith@test.co,777-333-7808,"659 Main St, Chicago"
1178,ALICE SMITH,alicesmithgmail.com,511-205-5441,"30 Pine Rd, Los Angeles"
1179,ALICE SMITH,alicesmith@,979.742.4893,"184 Broadway, New York"
1180,John Doe,johndoe@gmail.com,882-213-7869,"649 Pine Rd, New York"
1181,mike jones,mikejones@gmail.com,(445) 916-7861,"98 Cedar Ln, Houston"
1182,MIKE JONES,mikejones@test.co,+1 477-909-8822,"122 Pine Rd, Los Angeles"
1183,Robert Brown,robertbrown@,(779) 444-5869,"873 Elm St, Chicago"
1184,John Doe,johndoe@yahoo.com,+1 872-731-5518,"451 Oak Ave, Los Angeles"
1185,Michael Wilson,michaelwilson@domain,551.696.5778,"161 Elm St, Los Angeles"
1186,Jane Smith,janesmith@domain,+1 814-369-9525,"868 Main St, New York"
1187,MICHAEL WILSON,michaelwilson@domain,114-462-6726,"202 Oak Ave, New York"
1188,mike jones,mikejones@gmail.com,309-746-6381,"494 Elm St, Miami"
1189,John Doe,johndoe@hotmail.com,,"390 Elm St, Los Angeles"
1190,SARAH CONNOR,sarahconnor@hotmail.com,482 579 9658,"537 Main St, New York"
1191,Emily Davis,emilydavis@domain,650 164 8180,"66 Broadway, Miami"
1192,Emily Davis,emilydavis@gmail.com,238.663.1243,"554 Pine Rd, New York"
1193,Jane Smith,janesmith@domain,(101) 369-6549,"530 Broadway, Chicago"
1194,Sarah Connor,sarahconnor@,+1 500-159-9690,"948 Cedar Ln, Houston"
1195,mike jones,mikejones@test.co,+1 601-645-9315,"67 Elm St, Chicago"
1196,mike jones,mikejones@hotmail.com,(466) 618-7156,"324 Cedar Ln, Miami"
1197,Sarah Connor,sarahconnor@,297 624 1836,"465 Elm St, Los Angeles"
1198,MIKE JONES,mikejones@gmail.com,154-951-5606,"204 Elm St, Los Angeles"
1199,Jane Smith,janesmith@yahoo.com,554 818 5825,"560 Broadway, Houston"
1004,john doe,johndoe@,(471) 367-9755,"807 Oak Ave, New York"
1201,Robert Brown,robertbrown@yahoo.com,349.547.8373,"154 Broadway, Chicago"
1202,Michael Wilson,michaelwilson@yahoo.com,(554) 692-8829,"174 Elm St, Houston"
1203,Jane Smith,janesmith@test.co,,"393 Main St, New York"
1204,Emily Davis,emilydavis@yahoo.com,776.778.1394,"366 Pine Rd, Miami"
1205,Robert Brown,robertbrown@domain,,"215 Elm St, Los Angeles"
1206,jane smith,janesmith@hotmail.com,(385) 645-3252,"497 Broadway, Miami"
1207,EMILY DAVIS,emilydavis@hotmail.com,(691) 720-5376,"131 Broadway, Chicago"
1208,Michael Wilson,michaelwilson@gmail.com,500 355 5798,"563 Cedar Ln, Chicago"
1209,ALICE SMITH,alicesmith@hotmail.com,+1 302-935-1719,"442 Broadway, Chicago"
1210,MICHAEL WILSON,michaelwilson@gmail.com,(506) 300-7799,"851 Broadway, Los Angeles"
1211,Sarah Connor,sarahconnor@hotmail.com,(544) 195-4528,"39 Elm St, Houston"
1212,Robert Brown,robertbrown@domain,+1 320-707-6608,"521 Elm St, Los Angeles"
1213,John Doe,johndoe@yahoo.com,(863) 722-6289,"273 Elm St, Miami"
1214,JANE SMITH,janesmith@yahoo.com,+1 133-698-8976,"80 Pine Rd, Houston"
1215,mike jones,mikejones@gmail.com,+1 622-860-4475,"99 Main St, Los Angeles"
1216,ALICE SMITH,alicesmith@hotmail.com,933 567 3543,"682 Oak Ave, New York"
1217,emily davis,emilydavis@domain,(889) 443-5418,"389 Elm St, New York"
1218,EMILY DAVIS,emilydavis@domain,549 331 3194,"622 Main St, Chicago"
1219,JANE SMITH,janesmith@,100-792-6519,"348 Oak Ave, Miami"
1220,sarah connor,sarahconnor@hotmail.com,334-352-6893,"72 Oak Ave, New York"
1221,Michael Wilson,michaelwilson@yahoo.com,546-473-7665,"802 Cedar Ln, Miami"
1222,mike jones,mikejones@domain,(222) 145-9550,"121 Cedar Ln, Miami"
1223,alice smith,alicesmithhotmail.com,744-850-4767,"121 Oak Ave, Chicago"
1224,ALICE SMITH,alicesmithdomain,(913) 806-8509,"949 Elm St, Miami"
1225,Robert Brown,robertbrown@hotmail.com,(859) 795-3137,"760 Oak Ave, Houston"
1226,Jane Smith,janesmith@yahoo.com,(313) 105-9780,"887 Elm St, New York"
1227,Jane Smith,janesmithyahoo.com,+1 296-670-4427,"163 Elm St, New York"
1228,Sarah Connor,sarahconnor@,115.576.2726,"504 Broadway, New York"
1229,Robert Brown,robertbrown@gmail.com,303 909 7822,"6 Cedar Ln, New York"
1230,Jane Smith,janesmith@,,"302 Elm St, Miami"
1231,Sarah Connor,sarahconnor@test.co,466.159.6855,"254 Elm St, Chicago"
1232,robert brown,robertbrown@,878-379-9188,"915 Elm St, Miami"
1233,MICHAEL WILSON,michaelwilson@hotmail.com,340-116-6110,"832 Main St, Los Angeles"
1234,John Doe,johndoehotmail.com,975 327 2346,"822 Cedar Ln, Los Angeles"
1235,JOHN DOE,johndoe@test.co,956 981 5363,"24 Oak Ave, New York"
1236,ALICE SMITH,alicesmith@test.co,+1 876-606-3910,"81 Cedar Ln, Miami"
1237,MICHAEL WILSON,michaelwilson@yahoo.com,126 785 4089,"602 Pine Rd, Miami"
1238,SARAH CONNOR,sarahconnor@test.co,240.411.8219,"75 Oak Ave, Los Angeles"
1239,michael wilson,michaelwilson@domain,379-600-1851,"484 Pine Rd, Los Angeles"
1240,Robert Brown,robertbrown@test.co,658 318 2375,"11 Main St, Miami"
1241,Jane Smith,janesmith@,374-853-2789,"550 Pine Rd, Los Angeles"
1242,Sarah Connor,sarahconnor@yahoo.com,945-919-4842,"596 Broadway, Chicago"
1243,mike jones,mikejonesgmail.com,502-204-6937,"984 Pine Rd, Los Angeles"
1244,ALICE SMITH,alicesmith@hotmail.com,+1 835-741-5746,"471 Pine Rd, Los Angeles"
1245,Robert Brown,robertbrown@domain,+1 652-735-5377,"326 Elm St, Los Angeles"
1246,Sarah Connor,sarahconnor@yahoo.com,(831) 108-7459,"636 Pine Rd, Chicago"
1247,ALICE SMITH,alicesmith@domain,995 918 3594,"509 Broadway, Chicago"
1248,mike jones,mikejones@gmail.com,+1 525-991-2452,"488 Cedar Ln, New York"
1249,Jane Smith,janesmith@test.co,443 671 8200,"119 Pine Rd, Chicago"
1017,mike jones,mikejones@yahoo.com,+1 963-269-2676,"249 Oak Ave, Chicago"
1251,mike jones,mikejones@hotmail.com,451 465 5222,"831 Oak Ave, Chicago"
1252,mike jones,mikejones@hotmail.com,910 877 3641,"835 Broadway, Houston"
1253,mike jones,mikejones@gmail.com,526.334.9479,"125 Pine Rd, Chicago"
1254,Sarah Connor,sarahconnor@gmail.com,270-464-2250,"976 Pine Rd, Miami"
1255,John Doe,johndoe@,+1 712-214-3830,"746 Pine Rd, Miami"
1256,JANE SMITH,janesmith@domain,+1 432-837-5206,"438 Pine Rd, New York"
1257,michael wilson,michaelwilson@gmail.com,560.545.5338,"133 Main St, Los Angeles"
1258,Sarah Connor,sarahconnor@test.co,852 750 3533,"147 Broadway, Chicago"
1259,John Doe,johndoe@hotmail.com,113 253 8476,"906 Cedar Ln, Miami"
1260,mike jones,mikejones@gmail.com,262.323.8972,"904 Elm St, Chicago"
1261,SARAH CONNOR,sarahconnor@hotmail.com,545 874 5443,"8 Elm St, Miami"
1262,Michael Wilson,michaelwilson@gmail.com,,"898 Cedar Ln, New York"
1263,Michael Wilson,michaelwilson@gmail.com,+1 768-149-9427,"564 Broadway, Miami"
1264,Jane Smith,janesmith@yahoo.com,106.268.4618,"771 Cedar Ln, Houston"
1265,Jane Smith,janesmith@gmail.com,(593) 277-9869,"110 Broadway, Chicago"
1266,Sarah Connor,sarahconnor@,745-803-9366,"442 Oak Ave, New York"
1267,JOHN DOE,johndoe@,,"756 Oak Ave, Miami"
1268,Michael Wilson,michaelwilson@domain,923 650 6442,"134 Broadway, New York"
1269,Emily Davis,emilydavis@domain,695.977.6652,"577 Cedar Ln, Los Angeles"
1270,sarah connor,sarahconnor@yahoo.com,,"194 Oak Ave, Houston"
1271,Robert Brown,robertbrown@test.co,798 547 3632,"932 Main St, Miami"
1272,Emily Davis,emilydavis@test.co,568.409.6093,"810 Oak Ave, Miami"
1273,Emily Davis,emilydavis@test.co,+1 630-665-4937,"542 Cedar Ln, Houston"
1274,michael wilson,michaelwilson@domain,+1 250-864-4520,"33 Oak Ave, Miami"
1275,Jane Smith,janesmith@test.co,553-256-9433,"422 Pine Rd, Miami"
1276,JOHN DOE,johndoe@hotmail.com,(451) 905-8439,"113 Pine Rd, Houston"
1277,Sarah Connor,sarahconnor@yahoo.com,,"672 Oak Ave, Chicago"
1278,Emily Davis,emilydavis@domain,827 959 3900,"501 Broadway, Houston"
1279,Sarah Connor,sarahconnortest.co,(186) 165-9692,"596 Elm St, Miami"
1280,Sarah Connor,sarahconnor@gmail.com,+1 744-455-5338,"558 Cedar Ln, Miami"
1281,Michael Wilson,michaelwilson@,282-631-6255,"383 Oak Ave, New York"
1282,JANE SMITH,janesmith@hotmail.com,290-946-1296,"849 Oak Ave, Miami"
1283,alice smith,alicesmith@yahoo.com,,"128 Oak Ave, Los Angeles"
1284,Michael Wilson,michaelwilson@test.co,146-462-2399,"565 Pine Rd, Los Angeles"
1285,John Doe,johndoe@hotmail.com,934.935.1975,"925 Cedar Ln, Miami"
1286,Michael Wilson,michaelwilson@yahoo.com,407 741 9101,"724 Pine Rd, New York"
1287,jane smith,janesmith@,852-176-8779,"407 Main St, Miami"
1288,Robert Brown,robertbrown@domain,(129) 383-9282,"467 Pine Rd, Miami"
1289,mike jones,mikejones@domain,401 449 7126,"356 Elm St, Houston"
1290,jane smith,janesmith@hotmail.com,+1 360-831-9847,"226 Main St, Houston"
1291,Sarah Connor,sarahconnor@gmail.com,(212) 665-5950,"320 Elm St, Chicago"
1292,ALICE SMITH,alicesmith@yahoo.com,838-426-8121,"449 Pine Rd, Chicago"
1293,michael wilson,michaelwilson@test.co,223.185.1188,"393 Oak Ave, Chicago"
1294,john doe,johndoe@gmail.com,735 453 4814,"933 Main St, Chicago"
1295,michael wilson,michaelwilson@yahoo.com,(396) 757-5986,"142 Elm St, Chicago"
1296,ALICE SMITH,alicesmith@domain,,"756 Cedar Ln, Los Angeles"
1297,michael wilson,michaelwilson@gmail.com,(679) 848-5983,"165 Pine Rd, New York"
1298,MIKE JONES,mikejones@hotmail.com,903.317.1280,"740 Broadway, Miami"
1299,Michael Wilson,michaelwilson@yahoo.com,+1 107-120-2053,"921 Oak Ave, New York"
1090,Michael Wilson,michaelwilson@yahoo.com,807 944 5301,"839 Pine Rd, Los Angeles"
1301,ALICE SMITH,alicesmith@hotmail.com,344.465.4586,"103 Broadway, Houston"
1302,John Doe,johndoe@hotmail.com,(743) 549-8717,"896 Main St, Chicago"
1303,Sarah Connor,sarahconnor@gmail.com,+1 242-373-2648,"763 Cedar Ln, New York"
1304,Michael Wilson,michaelwilson@yahoo.com,661 734 9154,"740 Oak Ave, Houston"
1305,sarah connor,sarahconnor@,+1 497-455-2072,"219 Oak Ave, Houston"
1306,john doe,johndoe@hotmail.com,161-103-1966,"140 Broadway, Miami"
1307,mike jones,mikejonesyahoo.com,+1 184-826-6977,"886 Cedar Ln, Los Angeles"
1308,Sarah Connor,sarahconnor@yahoo.com,,"450 Oak Ave, Houston"
1309,ALICE SMITH,alicesmith@yahoo.com,+1 685-578-4293,"531 Broadway, Los Angeles"
1310,ALICE SMITH,alicesmith@gmail.com,(182) 389-4133,"230 Main St, Chicago"
1311,EMILY DAVIS,emilydavis@domain,(425) 450-8892,"468 Broadway, Houston"
1312,sarah connor,sarahconnor@,604.361.8950,"987 Main St, New York"
1313,MICHAEL WILSON,michaelwilsonyahoo.com,564-152-6766,"817 Broadway, Chicago"
1314,Michael Wilson,michaelwilson@gmail.com,846 899 3831,"910 Cedar Ln, Miami"
1315,Jane Smith,janesmith@,+1 646-955-2963,"995 Pine Rd, Los Angeles"
1316,John Doe,johndoe@,(799) 879-8675,"249 Main St, Chicago"
1317,robert brown,robertbrown@yahoo.com,+1 612-190-7734,"350 Broadway, New York"
1318,Robert Brown,robertbrown@,312.721.6127,"377 Oak Ave, New York"
1319,mike jones,mikejones@,337 755 9141,"597 Elm St, Miami"
1320,Sarah Connor,sarahconnor@hotmail.com,,"435 Main St, Houston"
1321,Emily Davis,emilydavis@yahoo.com,335 599 7359,"877 Broadway, New York"
1322,Emily Davis,emilydavis@,(773) 888-3361,"419 Main St, Houston"
1323,EMILY DAVIS,emilydavis@test.co,976-375-9007,"516 Oak Ave, Houston"
1324,Sarah Connor,sarahconnoryahoo.com,+1 883-144-5261,"427 Broadway, New York"
1325,ALICE SMITH,alicesmithgmail.com,867 166 7803,"214 Broadway, Chicago"
1326,SARAH CONNOR,sarahconnor@hotmail.com,(129) 601-2567,"657 Elm St, Chicago"
1327,mike jones,mikejones@,(322) 536-5076,"97 Broadway, New York"
1328,MICHAEL WILSON,michaelwilson@yahoo.com,452-616-5534,"620 Pine Rd, Miami"
1329,Jane Smith,janesmithyahoo.com,(682) 840-2288,"39 Pine Rd, Chicago"
1330,Jane Smith,janesmith@,680-193-6722,"465 Elm St, Chicago"
1331,ROBERT BROWN,robertbrown@yahoo.com,+1 318-981-1379,"515 Elm St, New York"
1332,Sarah Connor,sarahconnorhotmail.com,+1 400-620-9939,"601 Pine Rd, Los Angeles"
1333,Jane Smith,janesmith@gmail.com,383 251 4772,"546 Broadway, Houston"
1334,ALICE SMITH,alicesmith@test.co,+1 466-797-6003,"235 Pine Rd, New York"
1335,John Doe,johndoe@test.co,,"771 Broadway, Los Angeles"
1336,Michael Wilson,michaelwilson@test.co,924-438-2625,"772 Elm St, Chicago"
1337,ALICE SMITH,alicesmith@,+1 516-991-8738,"102 Oak Ave, Los Angeles"
1338,Sarah Connor,sarahconnor@domain,884-487-3369,"734 Oak Ave, Chicago"
1339,Jane Smith,janesmith@gmail.com,757-335-5619,"111 Pine Rd, Houston"
1340,Michael Wilson,michaelwilson@hotmail.com,794 987 1306,"54 Elm St, Los Angeles"
1341,John Doe,johndoe@yahoo.com,347.901.5337,"251 Elm St, Houston"
1342,mike jones,mikejones@,,"922 Elm St, Chicago"
1343,mike jones,mikejones@hotmail.com,(494) 864-4287,"468 Elm St, Chicago"
1344,MICHAEL WILSON,michaelwilson@domain,(282) 345-2458,"46 Elm St, New York"
1345,Jane Smith,janesmith@test.co,457.440.2249,"739 Elm St, Miami"
1346,Robert Brown,robertbrown@domain,+1 393-388-8396,"262 Elm St, Chicago"
1347,Robert Brown,robertbrown@gmail.com,140-440-7701,"751 Main St, Los Angeles"
1348,robert brown,robertbrown@,(283) 474-4998,"537 Main St, Chicago"
1349,Emily Davis,emilydavis@,+1 866-486-8513,"606 Elm St, New York"
1119,MICHAEL WILSON,michaelwilson@hotmail.com,,"927 Elm St, New York"
1351,mike jones,mikejones@yahoo.com,129.368.3927,"341 Cedar Ln, Houston"
1352,Michael Wilson,michaelwilson@hotmail.com,702.501.1096,"191 Cedar Ln, New York"
1353,MICHAEL WILSON,michaelwilsondomain,817-359-8739,"488 Broadway, Chicago"
1354,Jane Smith,janesmith@domain,267.185.2829,"871 Cedar Ln, Los Angeles"
1355,ALICE SMITH,alicesmith@,255-453-5117,"530 Main St, Chicago"
1356,JOHN DOE,johndoe@test.co,+1 742-362-6481,"133 Main St, Houston"
1357,john doe,johndoe@gmail.com,+1 602-591-4506,"125 Broadway, Miami"
1358,JOHN DOE,johndoe@test.co,401.688.2730,"552 Main St, Chicago"
1359,John Doe,johndoedomain,(990) 541-4312,"739 Oak Ave, Chicago"
1360,michael wilson,michaelwilsondomain,+1 565-994-5587,"498 Broadway, Houston"
1361,mike jones,mikejones@yahoo.com,456.957.9591,"319 Cedar Ln, New York"
1362,Sarah Connor,sarahconnor@yahoo.com,(878) 776-1667,"671 Main St, Chicago"
1363,JOHN DOE,johndoedomain,359-574-4090,"760 Elm St, Houston"
1364,ALICE SMITH,alicesmith@hotmail.com,910-394-9179,"472 Main St, Los Angeles"
1365,Michael Wilson,michaelwilson@gmail.com,+1 544-771-2702,"502 Elm St, Chicago"
1366,mike jones,mikejones@yahoo.com,316.824.8830,"368 Oak Ave, Chicago"
1367,robert brown,robertbrown@,(821) 385-6336,"635 Broadway, Chicago"
1368,Sarah Connor,sarahconnor@domain,646.300.2822,"215 Main St, Miami"
1369,Sarah Connor,sarahconnorgmail.com,313.374.5449,"851 Elm St, Los Angeles"
1370,Emily Davis,emilydavis@yahoo.com,+1 750-952-5638,"737 Main St, Houston"
1371,mike jones,mikejones@hotmail.com,878 569 3544,"445 Pine Rd, New York"
1372,Robert Brown,robertbrown@,362.691.3242,"597 Broadway, Los Angeles"
1373,Sarah Connor,sarahconnor@,+1 318-593-6988,"68 Oak Ave, Los Angeles"
1374,ALICE SMITH,alicesmith@,965.289.6977,"718 Oak Ave, Miami"
1375,MICHAEL WILSON,michaelwilson@test.co,958-971-1484,"309 Cedar Ln, New York"
1376,John Doe,johndoe@hotmail.com,+1 921-514-6205,"187 Pine Rd, Houston"
1377,Michael Wilson,michaelwilson@,(570) 772-4250,"628 Cedar Ln, Chicago"
1378,mike jones,mikejones@domain,(419) 549-2677,"308 Main St, Chicago"
1379,mike jones,mikejones@,330 599 7783,"609 Pine Rd, Chicago"
1380,John Doe,johndoe@hotmail.com,(571) 923-6378,"534 Cedar Ln, Chicago"
1381,ALICE SMITH,alicesmith@test.co,732 589 6035,"187 Pine Rd, Chicago"
1382,sarah connor,sarahconnor@gmail.com,444-210-9757,"90 Cedar Ln, Los Angeles"
1383,Michael Wilson,michaelwilson@domain,478 271 5583,"480 Elm St, New York"
1384,Robert Brown,robertbrowntest.co,675-913-3487,"221 Main St, Houston"
1385,Sarah Connor,sarahconnor@hotmail.com,+1 309-785-6763,"61 Elm St, Houston"
1386,Emily Davis,emilydavis@hotmail.com,(225) 714-1457,"738 Main St, Los Angeles"
1387,john doe,johndoe@hotmail.com,+1 134-859-5318,"536 Pine Rd, Houston"
1388,Sarah Connor,sarahconnor@test.co,+1 299-270-6752,"608 Broadway, Los Angeles"
1389,alice smith,alicesmith@gmail.com,530 798 9906,"244 Elm St, New York"
1390,mike jones,mikejones@hotmail.com,(772) 469-6567,"811 Main St, Houston"
1391,alice smith,alicesmith@gmail.com,854 757 2175,"908 Elm St, Houston"
1392,mike jones,mikejones@test.co,+1 111-703-8327,"374 Pine Rd, Los Angeles"
1393,Michael Wilson,michaelwilson@gmail.com,(222) 277-9849,"158 Broadway, Chicago"
1394,ALICE SMITH,alicesmith@gmail.com,+1 939-501-7264,"400 Pine Rd, Houston"
1395,ALICE SMITH,alicesmith@gmail.com,(617) 575-5168,"107 Cedar Ln, Miami"
1396,Robert Brown,robertbrown@,108 201 6331,"433 Main St, Chicago"
1397,mike jones,mikejones@hotmail.com,608-436-2537,"419 Cedar Ln, Chicago"
1398,jane smith,janesmith@test.co,+1 930-429-9418,"533 Oak Ave, New York"
1399,ALICE SMITH,alicesmithdomain,241.959.4221,"511 Oak Ave, Chicago"
1367,robert brown,robertbrown@,(821) 385-6336,"635 Broadway, Chicago"
1401,Emily Davis,emilydavis@hotmail.com,+1 176-860-8319,"230 Cedar Ln, Miami"
1402,Emily Davis,emilydavisyahoo.com,504.769.3528,"29 Cedar Ln, Houston"
1403,Emily Davis,emilydavis@gmail.com,+1 889-959-9871,"598 Elm St, New York"
1404,MICHAEL WILSON,michaelwilson@yahoo.com,+1 452-162-7443,"172 Oak Ave, Chicago"
1405,Jane Smith,janesmith@hotmail.com,+1 982-705-9127,"325 Broadway, New York"
1406,Sarah Connor,sarahconnor@test.co,,"197 Cedar Ln, Houston"
1407,John Doe,johndoe@test.co,(391) 414-4938,"123 Elm St, Chicago"
1408,mike jones,mikejones@domain,(768) 921-3862,"956 Elm St, Miami"
1409,Emily Davis,emilydavistest.co,260.877.5724,"525 Pine Rd, Chicago"
1410,mike jones,mikejones@yahoo.com,(100) 728-2963,"142 Broadway, Houston"
1411,Jane Smith,janesmith@yahoo.com,337 242 8316,"817 Elm St, Los Angeles"
1412,JANE SMITH,janesmith@yahoo.com,(948) 275-3300,"946 Main St, Miami"
1413,mike jones,mikejones@,+1 700-194-3586,"788 Broadway, Houston"
1414,mike jones,mikejones@yahoo.com,847-896-1548,"355 Elm St, New York"
1415,Sarah Connor,sarahconnor@,812.566.2652,"570 Main St, New York"
1416,John Doe,johndoe@gmail.com,+1 984-657-2848,"201 Broadway, Los Angeles"
1417,John Doe,johndoe@domain,(832) 340-2545,"453 Pine Rd, Miami"
1418,Emily Davis,emilydavis@,633.726.4389,"820 Cedar Ln, New York"
1419,Robert Brown,robertbrown@test.co,653-226-3272,"158 Pine Rd, Houston"
1420,sarah connor,sarahconnortest.co,+1 221-543-9874,"792 Elm St, Miami"
1421,Robert Brown,robertbrown@yahoo.com,846-109-3511,"995 Oak Ave, Miami"
1422,JANE SMITH,janesmith@,761.145.3333,"475 Cedar Ln, Los Angeles"
1423,Michael Wilson,michaelwilson@yahoo.com,(127) 688-6518,"212 Main St, Houston"
1424,Michael Wilson,michaelwilson@,836.458.3875,"909 Broadway, Houston"
1425,John Doe,johndoe@test.co,619.127.6417,"135 Broadway, Chicago"
1426,jane smith,janesmith@domain,308.465.7839,"975 Cedar Ln, Los Angeles"
1427,JANE SMITH,janesmithyahoo.com,899 365 6062,"423 Cedar Ln, Houston"
1428,MIKE JONES,mikejones@hotmail.com,+1 748-554-9267,"64 Oak Ave, Chicago"
1429,alice smith,alicesmithtest.co,546-895-8034,"215 Elm St, Miami"
1430,ROBERT BROWN,robertbrown@yahoo.com,813.409.4551,"837 Main St, Houston"
1431,Emily Davis,emilydavis@test.co,990 736 7544,"999 Oak Ave, Chicago"
1432,mike jones,mikejones@domain,636.669.5505,"428 Oak Ave, New York"
1433,mike jones,mikejones@hotmail.com,927 500 5109,"84 Broadway, Houston"
1434,John Doe,johndoe@yahoo.com,+1 669-691-1827,"344 Elm St, Houston"
1435,Emily Davis,emilydavis@domain,,"637 Main St, Miami"
1436,ROBERT BROWN,robertbrowndomain,(982) 769-5685,"312 Elm St, Miami"
1437,John Doe,johndoe@domain,+1 923-893-5445,"180 Pine Rd, Houston"
1438,Sarah Connor,sarahconnor@yahoo.com,813-959-8613,"239 Pine Rd, Houston"
1439,Emily Davis,emilydavis@domain,525.306.1031,"461 Broadway, Houston"
1440,John Doe,johndoe@domain,992.773.7895,"141 Oak Ave, Los Angeles"
1441,JOHN DOE,johndoe@,596-384-7793,"2 Oak Ave, Los Angeles"
1442,robert brown,robertbrown@,(279) 913-3313,"176 Pine Rd, Chicago"
1443,John Doe,johndoe@test.co,(194) 116-9623,"308 Cedar Ln, Chicago"
1444,jane smith,janesmith@yahoo.com,206 602 4592,"320 Oak Ave, Chicago"
1445,John Doe,johndoe@hotmail.com,312-929-5547,"734 Cedar Ln, Chicago"
1446,jane smith,janesmith@gmail.com,468-373-1727,"771 Cedar Ln, Miami"
1447,Jane Smith,janesmith@domain,747 283 6747,"703 Broadway, Los Angeles"
1448,John Doe,johndoe@hotmail.com,+1 826-184-1575,"673 Cedar Ln, Miami"
1449,Sarah Connor,sarahconnor@test.co,487-136-6294,"476 Oak Ave, Chicago"
1193,Jane Smith,janesmith@domain,(101) 369-6549,"530 Broadway, Chicago"
1451,jane smith,janesmith@yahoo.com,(867) 360-2330,"184 Oak Ave, Los Angeles"
1452,SARAH CONNOR,sarahconnor@,797.905.2340,"893 Cedar Ln, Miami"
1453,Jane Smith,janesmith@yahoo.com,(501) 156-2200,"183 Cedar Ln, Chicago"
1454,ALICE SMITH,alicesmith@yahoo.com,226-919-6033,"477 Elm St, New York"
1455,Robert Brown,robertbrown@hotmail.com,,"462 Main St, Miami"
1456,alice smith,alicesmithdomain,279.450.2154,"703 Elm St, Miami"
1457,John Doe,johndoe@gmail.com,215-580-7874,"596 Elm St, Los Angeles"
1458,ALICE SMITH,alicesmith@test.co,,"470 Oak Ave, Miami"
1459,jane smith,janesmith@gmail.com,971 201 8648,"96 Pine Rd, Houston"
1460,JANE SMITH,janesmith@hotmail.com,(815) 425-3919,"980 Oak Ave, Chicago"
1461,John Doe,johndoe@,(130) 722-8416,"256 Oak Ave, Chicago"
1462,Sarah Connor,sarahconnor@hotmail.com,844.107.5451,"685 Cedar Ln, Los Angeles"
1463,Michael Wilson,michaelwilson@yahoo.com,682 109 5320,"564 Oak Ave, Chicago"
1464,Michael Wilson,michaelwilson@yahoo.com,(797) 846-8002,"5 Oak Ave, Los Angeles"
1465,Emily Davis,emilydavis@yahoo.com,797-366-7679,"32 Broadway, Los Angeles"
1466,Robert Brown,robertbrown@gmail.com,502-406-5985,"125 Cedar Ln, Los Angeles"
1467,Robert Brown,robertbrown@test.co,+1 574-958-5153,"428 Cedar Ln, Chicago"
1468,MIKE JONES,mikejonesdomain,877-700-2493,"926 Main St, Houston"
1469,John Doe,johndoe@hotmail.com,315 855 3040,"227 Elm St, Chicago"
1470,mike jones,mikejonestest.co,265-150-9913,"103 Elm St, New York"
1471,Michael Wilson,michaelwilson@domain,736 595 9868,"637 Oak Ave, New York"
1472,jane smith,janesmith@yahoo.com,+1 244-562-6106,"940 Elm St, Chicago"
1473,JANE SMITH,janesmith@gmail.com,+1 946-460-7833,"505 Cedar Ln, Chicago"
1474,Emily Davis,emilydavis@,(802) 367-7555,"898 Pine Rd, Houston"
1475,mike jones,mikejones@yahoo.com,161-425-3253,"219 Main St, Los Angeles"
1476,Michael Wilson,michaelwilson@yahoo.com,(621) 375-2925,"344 Main St, Miami"
1477,Jane Smith,janesmith@test.co,+1 934-854-1405,"891 Pine Rd, Los Angeles"
1478,JANE SMITH,janesmith@domain,,"117 Pine Rd, Chicago"
1479,jane smith,janesmith@gmail.com,994 335 6175,"714 Oak Ave, Los Angeles"
1480,robert brown,robertbrown@domain,624 480 3660,"292 Cedar Ln, New York"
1481,john doe,johndoe@test.co,182 821 9109,"53 Elm St, Los Angeles"
1482,Robert Brown,robertbrown@yahoo.com,+1 453-982-4216,"606 Pine Rd, Chicago"
1483,ALICE SMITH,alicesmith@gmail.com,+1 152-377-1246,"556 Main St, Miami"
1484,ALICE SMITH,alicesmith@hotmail.com,763-783-6658,"129 Cedar Ln, Miami"
1485,john doe,johndoe@,,"483 Elm St, Miami"
1486,ALICE SMITH,alicesmith@test.co,870 731 8195,"458 Pine Rd, Los Angeles"
1487,ALICE SMITH,alicesmith@test.co,(744) 590-3648,"176 Cedar Ln, Miami"
1488,JANE SMITH,janesmithdomain,802.487.1866,"714 Cedar Ln, Chicago"
1489,Sarah Connor,sarahconnor@,148-933-6330,"729 Cedar Ln, New York"
1490,John Doe,johndoe@test.co,(239) 436-8145,"423 Broadway, Chicago"
1491,ALICE SMITH,alicesmith@,110 115 7624,"859 Cedar Ln, New York"
1492,Jane Smith,janesmith@domain,+1 286-819-1081,"29 Cedar Ln, Chicago"
1493,Robert Brown,robertbrowntest.co,373.731.5245,"357 Broadway, Houston"
1494,Emily Davis,emilydavis@yahoo.com,152.555.3658,"50 Broadway, Chicago"
1495,emily davis,emilydavis@yahoo.com,731.410.4521,"329 Main St, Chicago"
1496,emily davis,emilydavis@test.co,548-156-7413,"556 Main St, Houston"
1497,mike jones,mikejones@gmail.com,374.426.7859,"614 Oak Ave, Miami"
1498,Robert Brown,robertbrown@hotmail.com,(266) 260-8310,"643 Oak Ave, Los Angeles"
1499,Sarah Connor,sarahconnor@test.co,725-704-2526,"352 Elm St, Miami"
1004,john doe,johndoe@,(471) 367-9755,"807 Oak Ave, New York"
1501,Robert Brown,robertbrown@hotmail.com,,"714 Main St, Houston"
1502,ALICE SMITH,alicesmith@gmail.com,(494) 212-4129,"870 Main St, New York"
1503,JOHN DOE,johndoe@gmail.com,,"549 Pine Rd, Los Angeles"
1504,Jane Smith,janesmith@domain,(384) 179-8459,"305 Elm St, New York"
1505,mike jones,mikejones@yahoo.com,+1 585-972-6277,"757 Cedar Ln, New York"
1506,emily davis,emilydavis@,633-580-8188,"699 Elm St, Houston"
1507,ALICE SMITH,alicesmith@gmail.com,(775) 581-1114,"273 Main St, Chicago"
1508,Michael Wilson,michaelwilson@gmail.com,601-293-6665,"7 Pine Rd, Los Angeles"
1509,Emily Davis,emilydavis@test.co,,"885 Elm St, Miami"
1510,MICHAEL WILSON,michaelwilson@yahoo.com,(168) 826-8834,"58 Broadway, Houston"
1511,Emily Davis,emilydavisdomain,554 293 7774,"823 Broadway, Los Angeles"
1512,sarah connor,sarahconnor@test.co,(286) 165-4816,"222 Broadway, Houston"
1513,Sarah Connor,sarahconnor@gmail.com,614-977-4787,"374 Elm St, Chicago"
1514,Sarah Connor,sarahconnor@gmail.com,+1 555-386-1421,"403 Elm St, Houston"
1515,Michael Wilson,michaelwilson@hotmail.com,(911) 683-1823,"154 Cedar Ln, Chicago"
1516,Michael Wilson,michaelwilson@hotmail.com,,"114 Main St, New York"
1517,Sarah Connor,sarahconnor@domain,965 963 7555,"952 Elm St, Chicago"
1518,Michael Wilson,michaelwilson@hotmail.com,633-429-8695,"753 Main St, Chicago"
1519,Robert Brown,robertbrown@gmail.com,794 694 8197,"875 Oak Ave, Los Angeles"
1520,Sarah Connor,sarahconnor@yahoo.com,+1 257-991-4646,"528 Elm St, Los Angeles"
1521,Robert Brown,robertbrown@test.co,+1 929-593-1957,"937 Pine Rd, Los Angeles"
1522,Emily Davis,emilydavis@hotmail.com,949.973.8252,"177 Elm St, Houston"
1523,John Doe,johndoe@yahoo.com,,"983 Elm St, Houston"
1524,John Doe,johndoehotmail.com,(857) 539-7409,"677 Broadway, Houston"
1525,JANE SMITH,janesmith@,+1 185-517-7714,"950 Broadway, Houston"
1526,John Doe,johndoe@yahoo.com,+1 287-436-7767,"132 Oak Ave, Houston"
1527,John Doe,johndoe@yahoo.com,212.255.8100,"697 Broadway, Los Angeles"
1528,ALICE SMITH,alicesmith@yahoo.com,+1 529-852-3992,"329 Broadway, New York"
1529,John Doe,johndoe@yahoo.com,,"778 Broadway, Los Angeles"
1530,Jane Smith,janesmithyahoo.com,,"777 Cedar Ln, Los Angeles"
1531,alice smith,alicesmith@,+1 124-688-5398,"690 Elm St, Chicago"
1532,ALICE SMITH,alicesmithtest.co,684.720.9708,"433 Elm St, Chicago"
1533,John Doe,johndoehotmail.com,+1 636-906-5771,"955 Pine Rd, Houston"
1534,Emily Davis,emilydavis@yahoo.com,+1 385-337-2133,"931 Main St, Miami"
1535,alice smith,alicesmith@gmail.com,453-268-9394,"62 Main St, Los Angeles"
1536,Robert Brown,robertbrown@hotmail.com,280-688-2072,"310 Main St, Miami"
1537,john doe,johndoe@gmail.com,+1 266-217-3076,"213 Pine Rd, Los Angeles"
1538,Emily Davis,emilydavis@test.co,381 750 8367,"595 Pine Rd, New York"
1539,sarah connor,sarahconnor@domain,647.575.7245,"838 Broadway, Houston"
1540,ALICE SMITH,alicesmith@domain,221.267.8671,"335 Main St, Los Angeles"
1541,Emily Davis,emilydavis@domain,512-618-3863,"571 Pine Rd, Los Angeles"
1542,Sarah Connor,sarahconnordomain,(583) 295-7820,"49 Elm St, New York"
1543,ALICE SMITH,alicesmith@domain,428.565.2679,"226 Cedar Ln, Miami"
1544,Robert Brown,robertbrown@gmail.com,(654) 230-4452,"233 Cedar Ln, Chicago"
1545,mike jones,mikejones@,744.157.8384,"516 Broadway, New York"
1546,mike jones,mikejones@gmail.com,+1 480-495-2371,"625 Cedar Ln, New York"
1547,JOHN DOE,johndoedomain,610.969.4564,"300 Main St, Los Angeles"
1548,Robert Brown,robertbrown@gmail.com,,"724 Broadway, Miami"
1549,ALICE SMITH,alicesmith@gmail.com,382 500 1251,"296 Oak Ave, Houston"
1470,mike jones,mikejonestest.co,265-150-9913,"103 Elm St, New York"
1551,Michael Wilson,michaelwilsonhotmail.com,166.311.1526,"999 Oak Ave, Los Angeles"
1552,Sarah Connor,sarahconnor@hotmail.com,757 880 1939,"338 Broadway, New York"
1553,Sarah Connor,sarahconnor@yahoo.com,399.638.9855,"46 Cedar Ln, Houston"
1554,mike jones,mikejones@gmail.com,169 137 5789,"97 Broadway, Miami"
1555,ALICE SMITH,alicesmith@hotmail.com,+1 762-663-5556,"35 Cedar Ln, New York"
1556,Robert Brown,robertbrown@,617.563.2287,"90 Main St, Chicago"
1557,John Doe,johndoegmail.com,+1 348-340-2335,"726 Main St, Los Angeles"
1558,Michael Wilson,michaelwilson@domain,452.219.5119,"967 Cedar Ln, Houston"
1559,Emily Davis,emilydavis@domain,982.699.1058,"291 Broadway, Chicago"
1560,Michael Wilson,michaelwilson@domain,+1 649-314-5012,"160 Main St, Los Angeles"
1561,John Doe,johndoe@domain,659 139 8627,"547 Broadway, Miami"
1562,jane smith,janesmith@domain,739-448-3333,"697 Pine Rd, Los Angeles"
1563,mike jones,mikejones@hotmail.com,,"561 Main St, Los Angeles"
1564,ALICE SMITH,alicesmith@,(321) 969-8509,"351 Elm St, New York"
1565,sarah connor,sarahconnor@hotmail.com,+1 466-655-8501,"218 Pine Rd, Miami"
1566,Jane Smith,janesmith@,745 433 9710,"278 Pine Rd, New York"
1567,mike jones,mikejones@yahoo.com,809 231 9281,"923 Oak Ave, Los Angeles"
1568,Emily Davis,emilydavishotmail.com,831-648-9700,"497 Cedar Ln, New York"
1569,Michael Wilson,michaelwilson@hotmail.com,+1 250-753-6112,"635 Oak Ave, New York"
1570,JOHN DOE,johndoe@hotmail.com,694 792 7963,"584 Cedar Ln, New York"
1571,Emily Davis,emilydavis@yahoo.com,490.871.8012,"539 Pine Rd, Houston"
1572,sarah connor,sarahconnor@hotmail.com,203.111.8808,"195 Oak Ave, Chicago"
1573,robert brown,robertbrowndomain,480-835-3913,"877 Pine Rd, Miami"
1574,mike jones,mikejones@domain,431.604.5781,"172 Elm St, Los Angeles"
1575,Sarah Connor,sarahconnor@yahoo.com,336-325-8955,"825 Cedar Ln, Miami"
1576,sarah connor,sarahconnor@hotmail.com,395-798-5936,"757 Cedar Ln, New York"
1577,Sarah Connor,sarahconnor@gmail.com,+1 704-144-7475,"438 Pine Rd, Los Angeles"
1578,Sarah Connor,sarahconnor@yahoo.com,(548) 254-2186,"614 Elm St, Chicago"
1579,Sarah Connor,sarahconnor@test.co,662 675 2753,"839 Oak Ave, Houston"
1580,Michael Wilson,michaelwilson@domain,+1 916-997-9248,"716 Elm St, Houston"
1581,Sarah Connor,sarahconnor@domain,985.204.2826,"752 Broadway, Houston"
1582,Emily Davis,emilydavis@hotmail.com,+1 390-753-7047,"320 Oak Ave, New York"
1583,ALICE SMITH,alicesmith@,+1 662-270-4795,"976 Pine Rd, Miami"
1584,Emily Davis,emilydavis@yahoo.com,,"625 Elm St, Los Angeles"
1585,Jane Smith,janesmith@test.co,+1 190-447-7261,"563 Elm St, Los Angeles"
1586,ROBERT BROWN,robertbrown@hotmail.com,988 696 5971,"623 Cedar Ln, Chicago"
1587,Robert Brown,robertbrown@test.co,984-913-2092,"958 Oak Ave, Chicago"
1588,sarah connor,sarahconnor@hotmail.com,+1 780-723-5453,"364 Oak Ave, Chicago"
1589,Emily Davis,emilydavis@gmail.com,390.914.6169,"980 Oak Ave, Los Angeles"
1590,Emily Davis,emilydavis@,806-176-6109,"88 Main St, Miami"
1591,mike jones,mikejones@domain,700 286 4503,"763 Elm St, New York"
1592,Sarah Connor,sarahconnor@domain,,"322 Oak Ave, Chicago"
1593,John Doe,johndoe@domain,(974) 604-6443,"394 Pine Rd, New York"
1594,EMILY DAVIS,emilydavis@yahoo.com,682 176 9700,"433 Elm St, Los Angeles"
1595,ALICE SMITH,alicesmith@domain,406-263-7651,"922 Pine Rd, Miami"
1596,emily davis,emilydavisgmail.com,216-208-9528,"933 Main St, New York"
1597,robert brown,robertbrown@yahoo.com,+1 921-949-9575,"158 Main St, New York"
1598,Robert Brown,robertbrown@domain,736 617 2334,"51 Cedar Ln, Chicago"
1599,ALICE SMITH,alicesmith@test.co,,"751 Cedar Ln, Los Angeles"
1419,Robert Brown,robertbrown@test.co,653-226-3272,"158 Pine Rd, Houston"
1601,Emily Davis,emilydavis@yahoo.com,+1 336-745-1209,"156 Elm St, Chicago"
1602,JANE SMITH,janesmith@,(611) 449-4422,"354 Elm St, Los Angeles"
1603,ALICE SMITH,alicesmith@gmail.com,686-592-7914,"265 Elm St, Chicago"
1604,mike jones,mikejonesdomain,643 211 2447,"162 Oak Ave, Houston"
1605,John Doe,johndoe@test.co,692.177.2501,"295 Oak Ave, Miami"
1606,John Doe,johndoe@yahoo.com,(183) 649-8454,"637 Elm St, Houston"
1607,John Doe,johndoe@test.co,406 766 3870,"290 Main St, Los Angeles"
1608,Sarah Connor,sarahconnor@domain,,"72 Pine Rd, Miami"
1609,john doe,johndoe@gmail.com,(219) 619-9589,"140 Cedar Ln, Los Angeles"
1610,Robert Brown,robertbrown@yahoo.com,607-561-9604,"907 Elm St, Chicago"
1611,sarah connor,sarahconnor@,+1 282-888-1378,"996 Elm St, Chicago"
1612,Jane Smith,janesmithtest.co,505 670 4136,"498 Broadway, New York"
1613,mike jones,mikejoneshotmail.com,(497) 708-1852,"974 Broadway, Miami"
1614,John Doe,johndoe@,964.965.9441,"183 Elm St, Los Angeles"
1615,mike jones,mikejones@yahoo.com,908.282.7967,"700 Pine Rd, Houston"
1616,ROBERT BROWN,robertbrown@hotmail.com,135.590.5314,"302 Broadway, Chicago"
1617,john doe,johndoe@hotmail.com,404-306-8749,"87 Oak Ave, Miami"
1618,alice smith,alicesmithhotmail.com,(837) 369-6841,"853 Cedar Ln, Miami"
1619,Emily Davis,emilydavis@gmail.com,,"804 Elm St, Chicago"
1620,Robert Brown,robertbrown@hotmail.com,402 824 6420,"655 Elm St, Houston"
1621,Sarah Connor,sarahconnor@gmail.com,+1 330-400-6921,"146 Cedar Ln, New York"
1622,ALICE SMITH,alicesmith@hotmail.com,(757) 705-1601,"926 Oak Ave, Chicago"
1623,Sarah Connor,sarahconnor@gmail.com,+1 416-990-2501,"74 Pine Rd, Houston"
1624,Robert Brown,robertbrown@domain,789-231-2943,"134 Main St, Miami"
1625,MIKE JONES,mikejones@gmail.com,854.906.8723,"520 Elm St, Miami"
1626,John Doe,johndoe@hotmail.com,776 455 9170,"703 Main St, Los Angeles"
1627,John Doe,johndoe@domain,205.998.2474,"221 Cedar Ln, New York"
1628,Robert Brown,robertbrown@domain,(577) 730-6918,"863 Oak Ave, Miami"
1629,John Doe,johndoe@test.co,453-104-7407,"312 Elm St, Miami"
1630,Robert Brown,robertbrowntest.co,833-973-8035,"679 Oak Ave, New York"
1631,John Doe,johndoe@domain,(925) 912-7795,"235 Elm St, Los Angeles"
1632,JANE SMITH,janesmith@yahoo.com,850-339-5040,"951 Broadway, Houston"
1633,john doe,johndoe@hotmail.com,528.476.4362,"74 Main St, Miami"
1634,John Doe,johndoe@hotmail.com,,"829 Main St, Houston"
1635,SARAH CONNOR,sarahconnor@yahoo.com,642.612.9003,"21 Broadway, Houston"
1636,ALICE SMITH,alicesmith@domain,634.571.9112,"741 Broadway, Miami"
1637,Sarah Connor,sarahconnor@hotmail.com,,"407 Pine Rd, New York"
1638,Robert Brown,robertbrownhotmail.com,,"510 Oak Ave, Chicago"
1639,John Doe,johndoe@domain,960-202-1266,"796 Elm St, Miami"
1640,sarah connor,sarahconnor@test.co,,"884 Elm St, Los Angeles"
1641,alice smith,alicesmith@hotmail.com,140 292 5648,"75 Cedar Ln, Chicago"
1642,MICHAEL WILSON,michaelwilson@yahoo.com,971.434.3287,"855 Oak Ave, Houston"
1643,mike jones,mikejones@hotmail.com,217 563 6415,"126 Cedar Ln, New York"
1644,Emily Davis,emilydavis@yahoo.com,524 949 3561,"745 Elm St, New York"
1645,ALICE SMITH,alicesmith@test.co,947 807 4532,"401 Pine Rd, Chicago"
1646,JOHN DOE,johndoe@yahoo.com,+1 476-181-6902,"938 Broadway, Los Angeles"
1647,Sarah Connor,sarahconnor@gmail.com,647-128-9010,"456 Broadway, Los Angeles"
1648,Sarah Connor,sarahconnordomain,,"258 Pine Rd, New York"
1649,mike jones,mikejones@yahoo.com,384.878.1184,"905 Oak Ave, Miami"
1529,John Doe,johndoe@yahoo.com,,"778 Broadway, Los Angeles"
1651,Sarah Connor,sarahconnor@hotmail.com,(583) 630-2775,"336 Broadway, Chicago"
1652,Michael Wilson,michaelwilson@test.co,743 725 6562,"706 Cedar Ln, Miami"
1653,John Doe,johndoe@yahoo.com,,"919 Cedar Ln, Chicago"
1654,Robert Brown,robertbrown@test.co,+1 514-992-5600,"221 Oak Ave, Chicago"
1655,Sarah Connor,sarahconnor@gmail.com,222.134.1050,"559 Elm St, Houston"
1656,mike jones,mikejones@domain,230 789 9836,"849 Cedar Ln, Los Angeles"
1657,robert brown,robertbrown@,117.494.1312,"457 Pine Rd, Houston"
1658,john doe,johndoe@hotmail.com,,"810 Main St, Chicago"
1659,Emily Davis,emilydavis@test.co,246-143-4944,"448 Main St, New York"
1660,Robert Brown,robertbrown@yahoo.com,827-715-7103,"757 Cedar Ln, New York"
1661,ALICE SMITH,alicesmith@hotmail.com,143-371-1538,"491 Broadway, New York"
1662,Robert Brown,robertbrown@,(636) 183-7393,"829 Oak Ave, New York"
1663,Robert Brown,robertbrown@test.co,864-103-8989,"855 Cedar Ln, Chicago"
1664,John Doe,johndoe@domain,(662) 662-7779,"829 Cedar Ln, Chicago"
1665,mike jones,mikejonesgmail.com,(193) 518-7336,"573 Main St, Miami"
1666,John Doe,johndoe@yahoo.com,468.113.6655,"905 Oak Ave, Los Angeles"
1667,SARAH CONNOR,sarahconnor@,570-633-4743,"46 Broadway, Chicago"
1668,Robert Brown,robertbrown@yahoo.com,729.583.7028,"29 Cedar Ln, Los Angeles"
1669,ALICE SMITH,alicesmith@hotmail.com,327.829.2149,"431 Cedar Ln, Miami"
1670,Jane Smith,janesmith@yahoo.com,(290) 999-1547,"96 Broadway, New York"
1671,John Doe,johndoeyahoo.com,(769) 864-7433,"87 Main St, New York"
1672,mike jones,mikejones@domain,510.752.4108,"571 Pine Rd, Los Angeles"
1673,mike jones,mikejones@gmail.com,350 695 6209,"203 Broadway, Miami"
1674,ALICE SMITH,alicesmith@yahoo.com,(324) 463-7870,"146 Broadway, Houston"
1675,Jane Smith,janesmith@hotmail.com,402-144-2146,"690 Main St, Miami"
1676,Michael Wilson,michaelwilson@yahoo.com,(758) 233-9828,"797 Broadway, Los Angeles"
1677,Robert Brown,robertbrown@yahoo.com,+1 533-678-8945,"416 Elm St, Los Angeles"
1678,ALICE SMITH,alicesmith@gmail.com,120-734-3198,"381 Pine Rd, Chicago"
1679,Sarah Connor,sarahconnorhotmail.com,,"506 Elm St, Houston"
1680,SARAH CONNOR,sarahconnordomain,+1 680-163-3761,"961 Cedar Ln, Houston"
1681,Emily Davis,emilydavis@domain,(813) 530-8943,"507 Oak Ave, Chicago"
1682,Emily Davis,emilydavisgmail.com,(594) 912-6878,"939 Cedar Ln, Miami"
1683,Robert Brown,robertbrown@yahoo.com,+1 330-557-8376,"346 Broadway, Miami"
1684,ALICE SMITH,alicesmith@domain,753 701 8851,"402 Pine Rd, Chicago"
1685,Michael Wilson,michaelwilson@yahoo.com,+1 799-875-8527,"95 Broadway, Los Angeles"
1686,emily davis,emilydavis@domain,227.228.9266,"143 Cedar Ln, Houston"
1687,Sarah Connor,sarahconnor@yahoo.com,429 523 6821,"234 Elm St, Chicago"
1688,Robert Brown,robertbrown@,447-984-8851,"236 Oak Ave, Miami"
1689,ROBERT BROWN,robertbrown@test.co,389-775-5498,"988 Pine Rd, Miami"
1690,JOHN DOE,johndoe@domain,+1 847-226-5656,"209 Elm St, Los Angeles"
1691,Michael Wilson,michaelwilson@yahoo.com,524.377.7635,"27 Cedar Ln, Miami"
1692,jane smith,janesmith@gmail.com,551-401-8122,"645 Oak Ave, New York"
1693,Robert Brown,robertbrown@test.co,181.591.5972,"159 Main St, Chicago"
1694,EMILY DAVIS,emilydavis@test.co,833 532 2880,"40 Broadway, Houston"
1695,SARAH CONNOR,sarahconnor@gmail.com,247 274 9447,"212 Main St, Chicago"
1696,ALICE SMITH,alicesmith@gmail.com,265 318 9170,"469 Cedar Ln, Chicago"
1697,mike jones,mikejones@domain,+1 678-962-3130,"747 Cedar Ln, New York"
1698,Michael Wilson,michaelwilsonyahoo.com,241.570.6701,"372 Cedar Ln, New York"
1699,John Doe,johndoe@,755-350-6682,"468 Broadway, New York"
1395,ALICE SMITH,alicesmith@gmail.com,(617) 575-5168,"107 Cedar Ln, Miami"
1701,ALICE SMITH,alicesmith@yahoo.com,672 627 5902,"669 Main St, Chicago"
1702,Michael Wilson,michaelwilson@hotmail.com,625.835.7840,"442 Oak Ave, New York"
1703,mike jones,mikejones@yahoo.com,519 882 5500,"130 Main St, New York"
1704,mike jones,mikejones@hotmail.com,699-123-4788,"549 Pine Rd, New York"
1705,ROBERT BROWN,robertbrown@yahoo.com,,"612 Broadway, Chicago"
1706,Jane Smith,janesmith@hotmail.com,472-755-6807,"79 Elm St, Los Angeles"
1707,John Doe,johndoe@domain,+1 447-673-8402,"46 Pine Rd, Miami"
1708,Sarah Connor,sarahconnor@domain,377.308.1996,"434 Oak Ave, Chicago"
1709,JOHN DOE,johndoe@gmail.com,+1 250-792-9611,"452 Cedar Ln, Houston"
1710,ROBERT BROWN,robertbrown@yahoo.com,525.841.1135,"746 Main St, Los Angeles"
1711,John Doe,johndoe@domain,240-731-2456,"48 Cedar Ln, Chicago"
1712,JANE SMITH,janesmith@,525 379 9476,"271 Broadway, New York"
1713,mike jones,mikejonestest.co,985-262-2019,"888 Pine Rd, Houston"
1714,Michael Wilson,michaelwilson@hotmail.com,532 169 9217,"239 Cedar Ln, Chicago"
1715,Jane Smith,janesmith@domain,239 958 6045,"755 Broadway, Los Angeles"
1716,Emily Davis,emilydavis@test.co,+1 936-991-5976,"777 Elm St, Chicago"
1717,mike jones,mikejones@test.co,,"288 Cedar Ln, Miami"
1718,Jane Smith,janesmith@domain,261-940-8770,"54 Oak Ave, New York"
1719,ALICE SMITH,alicesmithdomain,899.655.4142,"572 Oak Ave, Chicago"
1720,Jane Smith,janesmith@hotmail.com,124-252-5914,"779 Elm St, Houston"
1721,Michael Wilson,michaelwilson@hotmail.com,(977) 432-9472,"194 Pine Rd, Houston"
1722,sarah connor,sarahconnor@yahoo.com,540-239-8927,"840 Elm St, Chicago"
1723,Robert Brown,robertbrown@hotmail.com,335-130-7247,"890 Cedar Ln, Miami"
1724,mike jones,mikejones@gmail.com,667 750 4342,"599 Broadway, Los Angeles"
1725,SARAH CONNOR,sarahconnorhotmail.com,+1 175-576-3203,"196 Elm St, Miami"
1726,Emily Davis,emilydavis@test.co,,"323 Pine Rd, Miami"
1727,Jane Smith,janesmith@domain,600 731 7854,"591 Broadway, Chicago"
1728,John Doe,johndoedomain,(336) 532-8113,"353 Pine Rd, Los Angeles"
1729,jane smith,janesmith@yahoo.com,586 879 6726,"209 Broadway, New York"
1730,ALICE SMITH,alicesmith@yahoo.com,450-608-4573,"608 Cedar Ln, Miami"
1731,mike jones,mikejones@domain,920 627 5962,"829 Pine Rd, Chicago"
1732,mike jones,mikejones@test.co,+1 476-518-4670,"385 Pine Rd, New York"
1733,Michael Wilson,michaelwilson@domain,+1 157-432-4526,"481 Cedar Ln, Chicago"
1734,Sarah Connor,sarahconnor@gmail.com,532-461-7914,"28 Pine Rd, New York"
1735,mike jones,mikejones@domain,+1 276-614-8707,"519 Broadway, Chicago"
1736,Robert Brown,robertbrown@hotmail.com,534.458.4465,"314 Cedar Ln, New York"
1737,Michael Wilson,michaelwilson@yahoo.com,,"39 Oak Ave, Miami"
1738,john doe,johndoe@hotmail.com,832.877.3112,"251 Pine Rd, Miami"
1739,ROBERT BROWN,robertbrown@domain,(131) 594-2057,"753 Broadway, Chicago"
1740,Robert Brown,robertbrowngmail.com,+1 525-663-1669,"906 Pine Rd, Los Angeles"
1741,ALICE SMITH,alicesmith@yahoo.com,332-373-7287,"543 Broadway, Chicago"
1742,Robert Brown,robertbrown@test.co,801 421 3866,"196 Main St, New York"
1743,Michael Wilson,michaelwilsonhotmail.com,188 633 8037,"483 Elm St, New York"
1744,EMILY DAVIS,emilydavisdomain,355.310.1895,"419 Broadway, New York"
1745,John Doe,johndoe@domain,491.477.1922,"209 Broadway, New York"
1746,mike jones,mikejones@hotmail.com,900 594 2669,"547 Oak Ave, Houston"
1747,mike jones,mikejones@gmail.com,+1 905-111-6246,"754 Main St, Houston"
1748,Jane Smith,janesmith@,237.591.1475,"794 Broadway, New York"
1749,ROBERT BROWN,robertbrown@hotmail.com,(301) 437-1504,"393 Cedar Ln, New York"
1152,mike jones,mikejones@gmail.com,698 481 3281,"830 Main St, Los Angeles"
1751,Jane Smith,janesmith@yahoo.com,883 964 1754,"549 Broadway, Los Angeles"
1752,Robert Brown,robertbrown@gmail.com,345-195-4807,"969 Elm St, Chicago"
1753,Emily Davis,emilydavis@,199.732.6518,"762 Oak Ave, Houston"
1754,Sarah Connor,sarahconnor@hotmail.com,+1 536-529-6742,"203 Elm St, Miami"
1755,Michael Wilson,michaelwilson@test.co,,"341 Pine Rd, Houston"
1756,alice smith,alicesmith@,477.782.1617,"453 Oak Ave, Houston"
1757,Sarah Connor,sarahconnor@gmail.com,(745) 955-1521,"532 Elm St, Miami"
1758,EMILY DAVIS,emilydavis@hotmail.com,634.842.9667,"273 Cedar Ln, Houston"
1759,Robert Brown,robertbrown@domain,106 506 6584,"129 Main St, Houston"
1760,Michael Wilson,michaelwilson@gmail.com,433-139-8371,"915 Main St, Miami"
1761,JANE SMITH,janesmith@domain,834.355.1347,"904 Broadway, Chicago"
1762,Michael Wilson,michaelwilson@gmail.com,164-763-3424,"196 Broadway, New York"
1763,mike jones,mikejones@domain,828.456.6997,"440 Main St, Houston"
1764,Emily Davis,emilydavis@yahoo.com,(733) 497-3315,"874 Oak Ave, Houston"
1765,John Doe,johndoe@hotmail.com,+1 792-969-6975,"651 Cedar Ln, Houston"
1766,Sarah Connor,sarahconnor@test.co,(865) 262-7428,"589 Cedar Ln, Miami"
1767,Robert Brown,robertbrown@yahoo.com,943.452.3736,"776 Pine Rd, Houston"
1768,Robert Brown,robertbrown@yahoo.com,(659) 817-5404,"47 Pine Rd, Miami"
1769,Robert Brown,robertbrown@gmail.com,(731) 305-8429,"248 Main St, New York"
1770,ALICE SMITH,alicesmith@hotmail.com,,"131 Main St, Los Angeles"
1771,Jane Smith,janesmithgmail.com,538.277.1393,"827 Oak Ave, Miami"
1772,ALICE SMITH,alicesmith@domain,497 774 3154,"457 Elm St, New York"
1773,Sarah Connor,sarahconnor@hotmail.com,796.239.3473,"38 Broadway, New York"
1774,MIKE JONES,mikejones@domain,962.387.6617,"28 Elm St, Houston"
1775,mike jones,mikejones@yahoo.com,(200) 102-6649,"464 Broadway, Los Angeles"
1776,Michael Wilson,michaelwilson@gmail.com,,"145 Cedar Ln, Los Angeles"
1777,Emily Davis,emilydavis@hotmail.com,(454) 636-8322,"258 Elm St, Chicago"
1778,Robert Brown,robertbrown@gmail.com,+1 899-817-1562,"501 Elm St, New York"
1779,John Doe,johndoe@gmail.com,563.425.3766,"170 Main St, Miami"
1780,Emily Davis,emilydavis@gmail.com,492 758 2046,"594 Oak Ave, Chicago"
1781,michael wilson,michaelwilson@test.co,452-333-1707,"958 Main St, Chicago"
1782,John Doe,johndoe@test.co,(149) 672-8635,"221 Pine Rd, Chicago"
1783,MICHAEL WILSON,michaelwilson@gmail.com,,"446 Main St, Miami"
1784,Robert Brown,robertbrowngmail.com,847 669 1989,"145 Oak Ave, Chicago"
1785,MICHAEL WILSON,michaelwilson@gmail.com,488.795.9756,"242 Oak Ave, Los Angeles"
1786,mike jones,mikejones@domain,488-146-2331,"363 Main St, Los Angeles"
1787,John Doe,johndoe@hotmail.com,(737) 916-2725,"36 Pine Rd, New York"
1788,Robert Brown,robertbrown@test.co,508 606 8087,"733 Main St, Houston"
1789,Sarah Connor,sarahconnor@hotmail.com,112.834.5992,"624 Cedar Ln, Houston"
1790,John Doe,johndoe@test.co,584.569.3186,"311 Broadway, New York"
1791,robert brown,robertbrown@domain,162-894-1571,"712 Pine Rd, Chicago"
1792,MIKE JONES,mikejones@gmail.com,(834) 826-2115,"957 Elm St, Los Angeles"
1793,Emily Davis,emilydavis@gmail.com,983 588 2685,"4 Broadway, Houston"
1794,mike jones,mikejones@test.co,228 980 1614,"316 Broadway, Miami"
1795,Sarah Connor,sarahconnor@,+1 739-343-7506,"422 Broadway, Chicago"
1796,Robert Brown,robertbrown@yahoo.com,943 562 1287,"516 Oak Ave, Chicago"
1797,mike jones,mikejones@hotmail.com,780-161-9319,"187 Broadway, New York"
1798,John Doe,johndoe@,918.393.7638,"918 Cedar Ln, Houston"
1799,Sarah Connor,sarahconnorgmail.com,189 445 7875,"420 Broadway, New York"
1676,Michael Wilson,michaelwilson@yahoo.com,(758) 233-9828,"797 Broadway, Los Angeles"
1801,john doe,johndoe@test.co,710.452.8683,"174 Broadway, New York"
1802,Emily Davis,emilydavisgmail.com,538-928-7141,"168 Broadway, Miami"
1803,Sarah Connor,sarahconnor@hotmail.com,165.835.1096,"544 Oak Ave, Chicago"
1804,John Doe,johndoe@domain,845 489 1447,"307 Oak Ave, Houston"
1805,Jane Smith,janesmith@hotmail.com,686 429 9607,"54 Oak Ave, Houston"
1806,MIKE JONES,mikejonesgmail.com,,"622 Elm St, Los Angeles"
1807,EMILY DAVIS,emilydavis@domain,692 363 1793,"623 Pine Rd, New York"
1808,MIKE JONES,mikejones@hotmail.com,(482) 778-4806,"212 Main St, Los Angeles"
1809,Sarah Connor,sarahconnor@test.co,466 182 2075,"961 Pine Rd, Los Angeles"
1810,mike jones,mikejones@hotmail.com,173-379-3389,"476 Elm St, Los Angeles"
1811,Emily Davis,emilydavis@gmail.com,689-165-9018,"772 Cedar Ln, Chicago"
1812,Emily Davis,emilydavis@gmail.com,472-579-7128,"371 Broadway, New York"
1813,Jane Smith,janesmith@,253.542.9479,"205 Main St, New York"
1814,Emily Davis,emilydavis@domain,391-397-6651,"370 Cedar Ln, Miami"
1815,JANE SMITH,janesmith@gmail.com,366.988.6434,"96 Oak Ave, Miami"
1816,ALICE SMITH,alicesmith@hotmail.com,147-775-2774,"944 Oak Ave, Chicago"
1817,John Doe,johndoe@test.co,845 948 2188,"306 Elm St, Houston"
1818,alice smith,alicesmith@,,"18 Elm St, Houston"
1819,MICHAEL WILSON,michaelwilson@hotmail.com,531-296-8062,"542 Elm St, Houston"
1820,SARAH CONNOR,sarahconnor@hotmail.com,+1 379-640-6526,"587 Cedar Ln, Houston"
1821,ALICE SMITH,alicesmith@gmail.com,(911) 816-1151,"885 Elm St, Chicago"
1822,Jane Smith,janesmith@yahoo.com,,"910 Broadway, Los Angeles"
1823,Emily Davis,emilydavis@hotmail.com,622 565 1978,"606 Pine Rd, Chicago"
1824,John Doe,johndoe@domain,,"556 Elm St, Chicago"
1825,Michael Wilson,michaelwilson@,+1 131-449-6712,"325 Elm St, New York"
1826,Michael Wilson,michaelwilson@gmail.com,975.701.3894,"998 Broadway, Houston"
1827,emily davis,emilydavis@hotmail.com,(245) 858-5528,"175 Cedar Ln, New York"
1828,Sarah Connor,sarahconnor@gmail.com,(347) 806-3878,"506 Oak Ave, New York"
1829,jane smith,janesmith@,,"919 Oak Ave, Los Angeles"
1830,John Doe,johndoe@domain,(867) 710-9715,"314 Elm St, Houston"
1831,emily davis,emilydavis@gmail.com,130 378 9831,"474 Pine Rd, New York"
1832,emily davis,emilydavis@gmail.com,409-699-2205,"242 Oak Ave, Houston"
1833,ALICE SMITH,alicesmith@yahoo.com,628-130-6024,"172 Cedar Ln, Chicago"
1834,mike jones,mikejones@gmail.com,786-831-9896,"315 Cedar Ln, Chicago"
1835,alice smith,alicesmith@test.co,509.742.7770,"491 Oak Ave, Los Angeles"
1836,alice smith,alicesmith@gmail.com,254-339-5522,"624 Main St, Houston"
1837,Jane Smith,janesmith@domain,995.511.4163,"102 Broadway, Los Angeles"
1838,michael wilson,michaelwilson@test.co,+1 102-960-2134,"129 Oak Ave, Chicago"
1839,ALICE SMITH,alicesmith@hotmail.com,195.790.7337,"402 Broadway, New York"
1840,mike jones,mikejones@yahoo.com,504-630-4267,"573 Oak Ave, New York"
1841,mike jones,mikejones@yahoo.com,,"484 Oak Ave, Los Angeles"
1842,Emily Davis,emilydavis@test.co,459 324 1548,"292 Pine Rd, Houston"
1843,JOHN DOE,johndoe@yahoo.com,316-263-7001,"299 Pine Rd, New York"
1844,Sarah Connor,sarahconnor@test.co,493-760-8063,"863 Cedar Ln, Chicago"
1845,John Doe,johndoehotmail.com,(735) 915-3058,"360 Elm St, Chicago"
1846,John Doe,johndoe@test.co,,"943 Cedar Ln, Houston"
1847,ALICE SMITH,alicesmith@hotmail.com,(739) 103-4206,"306 Broadway, Houston"
1848,John Doe,johndoe@domain,470-783-3442,"286 Broadway, Houston"
1849,Michael Wilson,michaelwilsongmail.com,148 256 2253,"593 Main St, New York"
1436,ROBERT BROWN,robertbrowndomain,(982) 769-5685,"312 Elm St, Miami"
1851,sarah connor,sarahconnor@yahoo.com,793 877 3182,"81 Pine Rd, Houston"
1852,mike jones,mikejones@yahoo.com,650 556 3231,"738 Cedar Ln, New York"
1853,John Doe,johndoe@test.co,(330) 935-2885,"18 Cedar Ln, Chicago"
1854,John Doe,johndoe@yahoo.com,283-248-7759,"997 Main St, New York"
1855,ALICE SMITH,alicesmith@gmail.com,136 906 4782,"696 Cedar Ln, Miami"
1856,Emily Davis,emilydavis@yahoo.com,(273) 370-5531,"51 Broadway, Los Angeles"
1857,ALICE SMITH,alicesmith@yahoo.com,+1 259-152-7657,"261 Broadway, Chicago"
1858,John Doe,johndoe@domain,(285) 708-2346,"397 Pine Rd, Los Angeles"
1859,Emily Davis,emilydavis@,685-253-1358,"268 Elm St, Chicago"
1860,MICHAEL WILSON,michaelwilson@yahoo.com,(271) 518-5625,"338 Elm St, Chicago"
1861,Emily Davis,emilydavis@gmail.com,+1 907-948-6490,"174 Main St, New York"
1862,SARAH CONNOR,sarahconnorhotmail.com,(643) 588-1075,"499 Broadway, Houston"
1863,mike jones,mikejones@hotmail.com,+1 142-863-4056,"164 Cedar Ln, Houston"
1864,Jane Smith,janesmith@yahoo.com,842.697.6701,"519 Oak Ave, Houston"
1865,Emily Davis,emilydavis@yahoo.com,,"303 Main St, Houston"
1866,ALICE SMITH,alicesmith@hotmail.com,576.961.1530,"364 Pine Rd, Houston"
1867,Emily Davis,emilydavis@domain,293-347-2260,"707 Main St, Chicago"
1868,Emily Davis,emilydavis@,+1 711-279-1479,"39 Elm St, Miami"
1869,mike jones,mikejones@hotmail.com,175-587-2283,"336 Oak Ave, Los Angeles"
1870,mike jones,mikejones@yahoo.com,577 155 2087,"874 Main St, Los Angeles"
1871,michael wilson,michaelwilson@gmail.com,(237) 751-4351,"803 Cedar Ln, New York"
1872,ALICE SMITH,alicesmith@yahoo.com,709.358.9227,"209 Cedar Ln, Chicago"
1873,JOHN DOE,johndoe@gmail.com,(865) 946-9745,"21 Oak Ave, Houston"
1874,Michael Wilson,michaelwilson@,281 538 3552,"169 Oak Ave, Chicago"
1875,ALICE SMITH,alicesmith@yahoo.com,819-779-7164,"770 Main St, Miami"
1876,mike jones,mikejones@gmail.com,(882) 644-9311,"570 Broadway, Houston"
1877,John Doe,johndoehotmail.com,582 740 9899,"168 Main St, New York"
1878,Michael Wilson,michaelwilson@yahoo.com,954.724.5319,"660 Pine Rd, New York"
1879,John Doe,johndoe@gmail.com,,"294 Oak Ave, Miami"
1880,ALICE SMITH,alicesmith@,650-828-7673,"961 Cedar Ln, New York"
1881,Robert Brown,robertbrown@test.co,+1 199-636-3132,"287 Elm St, Miami"
1882,JANE SMITH,janesmithdomain,(305) 992-3728,"744 Cedar Ln, Chicago"
1883,Sarah Connor,sarahconnordomain,661.353.1619,"231 Elm St, Houston"
1884,ALICE SMITH,alicesmith@test.co,(781) 189-1773,"799 Main St, Miami"
1885,Michael Wilson,michaelwilson@,152 963 6148,"93 Pine Rd, Chicago"
1886,Jane Smith,janesmith@hotmail.com,440.163.4247,"67 Cedar Ln, Houston"
1887,mike jones,mikejones@gmail.com,108.696.1370,"287 Cedar Ln, Houston"
1888,Sarah Connor,sarahconnor@gmail.com,+1 456-119-5230,"801 Cedar Ln, Los Angeles"
1889,Jane Smith,janesmith@domain,748 512 4469,"477 Broadway, New York"
1890,Emily Davis,emilydavis@test.co,,"689 Elm St, Houston"
1891,ALICE SMITH,alicesmithgmail.com,,"938 Cedar Ln, New York"
1892,ROBERT BROWN,robertbrown@hotmail.com,+1 124-269-8641,"402 Oak Ave, New York"
1893,Robert Brown,robertbrown@yahoo.com,(360) 808-2350,"214 Broadway, Miami"
1894,John Doe,johndoe@yahoo.com,616-763-5802,"99 Main St, Miami"
1895,ALICE SMITH,alicesmith@yahoo.com,313 210 2413,"240 Pine Rd, Chicago"
1896,MICHAEL WILSON,michaelwilsongmail.com,,"541 Cedar Ln, Houston"
1897,John Doe,johndoe@domain,,"242 Pine Rd, Los Angeles"
1898,Michael Wilson,michaelwilson@gmail.com,(972) 147-5665,"839 Cedar Ln, Miami"
1899,Emily Davis,emilydavis@hotmail.com,+1 809-893-2924,"288 Oak Ave, New York"
1537,john doe,johndoe@gmail.com,+1 266-217-3076,"213 Pine Rd, Los Angeles"
1901,EMILY DAVIS,emilydavis@yahoo.com,296 207 5378,"421 Elm St, Houston"
1902,mike jones,mikejones@yahoo.com,208-657-8777,"890 Broadway, New York"
1903,jane smith,janesmith@gmail.com,530.676.4354,"629 Pine Rd, Miami"
1904,Michael Wilson,michaelwilson@test.co,+1 870-823-2988,"194 Broadway, Miami"
1905,Sarah Connor,sarahconnor@hotmail.com,+1 234-898-3663,"962 Oak Ave, Chicago"
1906,Emily Davis,emilydavis@domain,249.757.7506,"890 Main St, Miami"
1907,Michael Wilson,michaelwilson@hotmail.com,(742) 641-1138,"823 Cedar Ln, Chicago"
1908,Jane Smith,janesmith@test.co,558 775 2177,"353 Main St, Houston"
1909,michael wilson,michaelwilson@hotmail.com,451 578 8434,"341 Broadway, New York"
1910,Michael Wilson,michaelwilson@yahoo.com,258 387 2887,"616 Main St, Chicago"
1911,sarah connor,sarahconnor@yahoo.com,407-991-9435,"425 Pine Rd, Los Angeles"
1912,Emily Davis,emilydavishotmail.com,+1 264-416-8625,"60 Pine Rd, New York"
1913,michael wilson,michaelwilsonyahoo.com,118 724 1351,"385 Pine Rd, New York"
1914,ALICE SMITH,alicesmith@yahoo.com,859 634 2847,"603 Pine Rd, Miami"
1915,robert brown,robertbrown@gmail.com,(676) 822-1184,"929 Pine Rd, New York"
1916,ALICE SMITH,alicesmith@domain,863 197 1107,"523 Elm St, Houston"
1917,EMILY DAVIS,emilydavis@domain,689 413 6945,"555 Oak Ave, Miami"
1918,Jane Smith,janesmith@domain,712 356 6434,"853 Oak Ave, Houston"
1919,mike jones,mikejones@hotmail.com,151-327-3486,"516 Elm St, Los Angeles"
1920,MICHAEL WILSON,michaelwilson@hotmail.com,+1 921-192-7271,"298 Pine Rd, Miami"
1921,mike jones,mikejones@gmail.com,,"111 Main St, Houston"
1922,Emily Davis,emilydavis@gmail.com,159 569 3721,"131 Oak Ave, New York"
1923,John Doe,johndoe@test.co,(102) 193-8762,"517 Main St, Los Angeles"
1924,mike jones,mikejones@,665-512-2084,"338 Pine Rd, Houston"
1925,Sarah Connor,sarahconnor@gmail.com,+1 601-399-6077,"860 Cedar Ln, Miami"
1926,ALICE SMITH,alicesmith@hotmail.com,432-479-1609,"797 Cedar Ln, Los Angeles"
1927,Sarah Connor,sarahconnor@test.co,+1 203-133-5240,"837 Main St, Los Angeles"
1928,ALICE SMITH,alicesmithyahoo.com,540.298.6883,"509 Main St, Chicago"
1929,JANE SMITH,janesmith@yahoo.com,,"123 Elm St, Houston"
1930,John Doe,johndoe@gmail.com,,"106 Cedar Ln, Houston"
1931,Jane Smith,janesmith@hotmail.com,427-495-2278,"474 Elm St, New York"
1932,Sarah Connor,sarahconnor@gmail.com,795 918 8936,"493 Cedar Ln, Houston"
1933,mike jones,mikejones@hotmail.com,+1 850-884-7980,"134 Broadway, Los Angeles"
1934,John Doe,johndoe@hotmail.com,(711) 829-5393,"530 Elm St, New York"
1935,mike jones,mikejones@domain,322 227 2993,"124 Main St, Houston"
1936,Robert Brown,robertbrown@hotmail.com,+1 809-680-7481,"722 Pine Rd, Houston"
1937,ALICE SMITH,alicesmith@gmail.com,+1 505-236-2313,"924 Main St, New York"
1938,Michael Wilson,michaelwilson@test.co,(936) 408-4792,"557 Oak Ave, New York"
1939,ALICE SMITH,alicesmithdomain,+1 897-991-8046,"619 Elm St, Houston"
1940,MICHAEL WILSON,michaelwilson@yahoo.com,(216) 890-7844,"529 Oak Ave, Houston"
1941,michael wilson,michaelwilson@yahoo.com,432 703 5126,"958 Pine Rd, Miami"
1942,John Doe,johndoe@gmail.com,804 906 4187,"628 Pine Rd, New York"
1943,EMILY DAVIS,emilydavis@domain,860 389 5614,"634 Cedar Ln, Los Angeles"
1944,Sarah Connor,sarahconnor@test.co,(238) 665-3508,"534 Broadway, Houston"
1945,ROBERT BROWN,robertbrown@yahoo.com,855 719 3767,"989 Cedar Ln, Miami"
1946,Emily Davis,emilydavis@,943.687.5126,"153 Oak Ave, Houston"
1947,mike jones,mikejones@gmail.com,+1 954-296-3142,"882 Elm St, Houston"
1948,jane smith,janesmith@,(200) 364-3409,"526 Pine Rd, Miami"
1949,michael wilson,michaelwilson@test.co,277 167 7573,"635 Elm St, Houston"
1402,Emily Davis,emilydavisyahoo.com,504.769.3528,"29 Cedar Ln, Houston"
1951,Michael Wilson,michaelwilson@domain,+1 917-998-1482,"171 Main St, Miami"
1952,John Doe,johndoe@yahoo.com,,"380 Broadway, Houston"
1953,emily davis,emilydavis@yahoo.com,682.292.6200,"475 Oak Ave, Miami"
1954,Jane Smith,janesmith@hotmail.com,(713) 703-8854,"386 Broadway, Houston"
1955,Robert Brown,robertbrown@hotmail.com,(714) 757-8332,"953 Pine Rd, Houston"
1956,emily davis,emilydavis@gmail.com,+1 281-941-6056,"47 Main St, Miami"
1957,SARAH CONNOR,sarahconnor@,(905) 564-9432,"86 Main St, Houston"
1958,Sarah Connor,sarahconnordomain,(247) 717-4880,"840 Cedar Ln, Miami"
1959,mike jones,mikejones@yahoo.com,156 542 2050,"949 Main St, Houston"
1960,jane smith,janesmith@yahoo.com,956 627 7544,"649 Cedar Ln, Houston"
1961,Michael Wilson,michaelwilson@yahoo.com,376.212.9888,"249 Pine Rd, New York"
1962,emily davis,emilydavis@hotmail.com,735-837-7584,"463 Main St, Chicago"
1963,Robert Brown,robertbrown@gmail.com,585-339-1738,"101 Broadway, New York"
1964,mike jones,mikejones@domain,(167) 659-1431,"547 Elm St, Los Angeles"
1965,Emily Davis,emilydavis@gmail.com,+1 464-119-2743,"855 Elm St, Miami"
1966,alice smith,alicesmith@domain,579 284 1150,"7 Pine Rd, Houston"
1967,ROBERT BROWN,robertbrown@domain,(851) 918-1027,"90 Oak Ave, Miami"
1968,mike jones,mikejones@hotmail.com,,"176 Main St, Miami"
1969,mike jones,mikejones@gmail.com,585-449-8036,"183 Pine Rd, Houston"
1970,Robert Brown,robertbrown@domain,302 292 6087,"574 Main St, Houston"
1971,Michael Wilson,michaelwilson@hotmail.com,+1 271-568-7077,"26 Elm St, Miami"
1972,mike jones,mikejones@yahoo.com,580 124 3541,"771 Broadway, New York"
1973,Sarah Connor,sarahconnor@test.co,144-986-7849,"194 Cedar Ln, Los Angeles"
1974,Robert Brown,robertbrown@gmail.com,716-866-7462,"733 Oak Ave, Houston"
1975,robert brown,robertbrown@yahoo.com,352.416.4503,"453 Pine Rd, Chicago"
1976,ALICE SMITH,alicesmith@hotmail.com,186.463.8342,"290 Oak Ave, Miami"
1977,emily davis,emilydavis@yahoo.com,125-132-6482,"95 Main St, Miami"
1978,Robert Brown,robertbrown@test.co,+1 735-912-7731,"616 Cedar Ln, New York"
1979,ALICE SMITH,alicesmithhotmail.com,203-524-5997,"320 Pine Rd, Chicago"
1980,Emily Davis,emilydavis@yahoo.com,+1 830-645-3888,"183 Main St, New York"
1981,ALICE SMITH,alicesmith@domain,288.905.8735,"214 Cedar Ln, Los Angeles"
1982,sarah connor,sarahconnor@domain,600.391.1605,"661 Broadway, Houston"
1983,John Doe,johndoetest.co,(645) 334-7512,"10 Cedar Ln, Chicago"
1984,john doe,johndoe@hotmail.com,(435) 523-2891,"80 Pine Rd, Chicago"
1985,michael wilson,michaelwilson@yahoo.com,409-654-9799,"464 Oak Ave, Los Angeles"
1986,ALICE SMITH,alicesmith@yahoo.com,,"821 Oak Ave, Miami"
1987,Michael Wilson,michaelwilson@hotmail.com,(173) 403-6439,"263 Elm St, New York"
1988,EMILY DAVIS,emilydavis@test.co,515-585-8360,"18 Pine Rd, Los Angeles"
1989,ALICE SMITH,alicesmith@domain,+1 761-862-6366,"869 Oak Ave, Houston"
1990,EMILY DAVIS,emilydavis@hotmail.com,881 207 9519,"995 Oak Ave, Los Angeles"
1991,JOHN DOE,johndoe@hotmail.com,364 861 5226,"793 Cedar Ln, Houston"
1992,robert brown,robertbrown@hotmail.com,885 769 7628,"207 Pine Rd, Miami"
1993,Emily Davis,emilydavis@domain,327-773-1554,"539 Oak Ave, Chicago"
1994,Sarah Connor,sarahconnor@hotmail.com,+1 702-625-8680,"715 Main St, New York"
1995,Sarah Connor,sarahconnor@test.co,+1 691-904-4574,"262 Broadway, Houston"
1996,michael wilson,michaelwilson@test.co,+1 423-787-1866,"444 Elm St, Miami"
1997,Sarah Connor,sarahconnor@domain,+1 865-415-2951,"224 Broadway, Los Angeles"
1998,Robert Brown,robertbrown@yahoo.com,406 549 4761,"341 Cedar Ln, Houston"
1999,John Doe,johndoe@yahoo.com,782.311.6266,"122 Main St, New York"
1987,Michael Wilson,michaelwilson@hotmail.com,(173) 403-6439,"263 Elm St, New York"
